/* Generated by FastNate EntityImporter for H2Dialect */

/* Data from CustomerImportData */
INSERT INTO Customer (id, allergies, birthday, blemishes, city, forename, street, streetNumber, surname, zip) VALUES (1, 0, 'ACED00057372000D6A6176612E74696D652E536572955D84BA1B2248B20C00007870770703000007E2090A78', 1, 'Berlüüün', 'Alexander', 'Straße', '14D', 'Mustermann', 12020);
INSERT INTO Customer_currentSkinCare (Customer_id, currentSkinCare) VALUES (1, 'Maske');
INSERT INTO Customer_currentSkinCare (Customer_id, currentSkinCare) VALUES (1, 'Gesichtswasser');
INSERT INTO Customer_improvments (Customer_id, improvments) VALUES (1, 'Unreinheiten bekämpfen, überschüssiges Hautfett regulieren');
INSERT INTO Customer_improvments (Customer_id, improvments) VALUES (1, 'Haut um die Augen straffen, pflegen und Fältchen minimieren');
INSERT INTO Customer_sensitivities (Customer_id, sensitivities) VALUES (1, 'Nicht empfindlich');
INSERT INTO Customer_skinFeatures (Customer_id, skinFeatures) VALUES (1, 'Trockene Haut');
INSERT INTO Customer_skinFeatures (Customer_id, skinFeatures) VALUES (1, 'Fettige Haut');
INSERT INTO Customer (id, allergies, birthday, blemishes, city, forename, street, streetNumber, surname, zip) VALUES (2, 0, 'ACED00057372000D6A6176612E74696D652E536572955D84BA1B2248B20C00007870770703000007E2090A78', 0, 'Berlüüün', 'Bugs', 'Straße', '14D', 'Bunny', 12020);
INSERT INTO Customer_currentSkinCare (Customer_id, currentSkinCare) VALUES (2, 'Maske');
INSERT INTO Customer_currentSkinCare (Customer_id, currentSkinCare) VALUES (2, 'Gesichtswasser');
INSERT INTO Customer_improvments (Customer_id, improvments) VALUES (2, 'Unreinheiten bekämpfen, überschüssiges Hautfett regulieren');
INSERT INTO Customer_improvments (Customer_id, improvments) VALUES (2, 'Haut um die Augen straffen, pflegen und Fältchen minimieren');
INSERT INTO Customer_sensitivities (Customer_id, sensitivities) VALUES (2, 'Nicht empfindlich');
INSERT INTO Customer_skinFeatures (Customer_id, skinFeatures) VALUES (2, 'Trockene Haut');
INSERT INTO Customer_skinFeatures (Customer_id, skinFeatures) VALUES (2, 'Fettige Haut');
INSERT INTO Customer (id, allergies, birthday, blemishes, city, forename, street, streetNumber, surname, zip) VALUES (3, 0, 'ACED00057372000D6A6176612E74696D652E536572955D84BA1B2248B20C00007870770703000007E2090A78', 1, 'Berlüüün', 'Daisy', 'Straße', '14D', 'Duck', 12020);
INSERT INTO Customer_currentSkinCare (Customer_id, currentSkinCare) VALUES (3, 'Maske');
INSERT INTO Customer_currentSkinCare (Customer_id, currentSkinCare) VALUES (3, 'Gesichtswasser');
INSERT INTO Customer_improvments (Customer_id, improvments) VALUES (3, 'Unreinheiten bekämpfen, überschüssiges Hautfett regulieren');
INSERT INTO Customer_improvments (Customer_id, improvments) VALUES (3, 'Haut um die Augen straffen, pflegen und Fältchen minimieren');
INSERT INTO Customer_sensitivities (Customer_id, sensitivities) VALUES (3, 'Nicht empfindlich');
INSERT INTO Customer_skinFeatures (Customer_id, skinFeatures) VALUES (3, 'Trockene Haut');
INSERT INTO Customer_skinFeatures (Customer_id, skinFeatures) VALUES (3, 'Fettige Haut');
INSERT INTO Customer (id, allergies, birthday, blemishes, city, forename, street, streetNumber, surname, zip) VALUES (4, 0, 'ACED00057372000D6A6176612E74696D652E536572955D84BA1B2248B20C00007870770703000007E2090A78', 1, 'Berlüüün', 'Donal', 'Straße', '14D', 'Duck', 12020);
INSERT INTO Customer_currentSkinCare (Customer_id, currentSkinCare) VALUES (4, 'Maske');
INSERT INTO Customer_currentSkinCare (Customer_id, currentSkinCare) VALUES (4, 'Gesichtswasser');
INSERT INTO Customer_improvments (Customer_id, improvments) VALUES (4, 'Unreinheiten bekämpfen, überschüssiges Hautfett regulieren');
INSERT INTO Customer_improvments (Customer_id, improvments) VALUES (4, 'Haut um die Augen straffen, pflegen und Fältchen minimieren');
INSERT INTO Customer_sensitivities (Customer_id, sensitivities) VALUES (4, 'Nicht empfindlich');
INSERT INTO Customer_skinFeatures (Customer_id, skinFeatures) VALUES (4, 'Trockene Haut');
INSERT INTO Customer_skinFeatures (Customer_id, skinFeatures) VALUES (4, 'Fettige Haut');
INSERT INTO Customer (id, allergies, birthday, blemishes, city, forename, street, streetNumber, surname, zip) VALUES (5, 0, 'ACED00057372000D6A6176612E74696D652E536572955D84BA1B2248B20C00007870770703000007E2090A78', 1, 'Berlüüün', 'Nina', 'Straße', '14D', 'Hagen', 12020);
INSERT INTO Customer_currentSkinCare (Customer_id, currentSkinCare) VALUES (5, 'Maske');
INSERT INTO Customer_currentSkinCare (Customer_id, currentSkinCare) VALUES (5, 'Gesichtswasser');
INSERT INTO Customer_improvments (Customer_id, improvments) VALUES (5, 'Unreinheiten bekämpfen, überschüssiges Hautfett regulieren');
INSERT INTO Customer_improvments (Customer_id, improvments) VALUES (5, 'Haut um die Augen straffen, pflegen und Fältchen minimieren');
INSERT INTO Customer_sensitivities (Customer_id, sensitivities) VALUES (5, 'Nicht empfindlich');
INSERT INTO Customer_skinFeatures (Customer_id, skinFeatures) VALUES (5, 'Trockene Haut');
INSERT INTO Customer_skinFeatures (Customer_id, skinFeatures) VALUES (5, 'Fettige Haut');
INSERT INTO Customer (id, allergies, birthday, blemishes, city, forename, street, streetNumber, surname, zip) VALUES (6, 0, 'ACED00057372000D6A6176612E74696D652E536572955D84BA1B2248B20C00007870770703000007E2090A78', 1, 'Blub', 'Jennie', 'Straße', '14D', 'Musterfrau', 12020);
INSERT INTO Customer_currentSkinCare (Customer_id, currentSkinCare) VALUES (6, 'Maske');
INSERT INTO Customer_currentSkinCare (Customer_id, currentSkinCare) VALUES (6, 'Gesichtswasser');
INSERT INTO Customer_improvments (Customer_id, improvments) VALUES (6, 'Unreinheiten bekämpfen, überschüssiges Hautfett regulieren');
INSERT INTO Customer_improvments (Customer_id, improvments) VALUES (6, 'Haut um die Augen straffen, pflegen und Fältchen minimieren');
INSERT INTO Customer_sensitivities (Customer_id, sensitivities) VALUES (6, 'Nicht empfindlich');
INSERT INTO Customer_skinFeatures (Customer_id, skinFeatures) VALUES (6, 'Trockene Haut');
INSERT INTO Customer_skinFeatures (Customer_id, skinFeatures) VALUES (6, 'Fettige Haut');

/* Data from OrderImportData */
INSERT INTO "Order" (id, createdDate, deliveryDate, discount, paymentState, paymentType, receiptNumber, state) VALUES (1, 'ACED00057372000D6A6176612E74696D652E536572955D84BA1B2248B20C00007870770703000007E2090A78', 'ACED00057372000D6A6176612E74696D652E536572955D84BA1B2248B20C00007870770703000007E2090A78', 20, 'COMPLETE', 'TRANSFER', 5, 'OPEN');

/* Data from ProductImportData */
INSERT INTO Product (id, name, number, price) VALUES (1, 'Seife', 13040, 5.5);
INSERT INTO Product (id, name, number, price) VALUES (2, 'Duschgel', 13041, 3.9900000000000002131628207280300557613372802734375);
INSERT INTO Product (id, name, number, price) VALUES (3, 'Handtuch', 13022, 15.5);
INSERT INTO Product (id, name, number, price) VALUES (4, 'Lippenstift', 13033, 6.5);
INSERT INTO Product (id, name, number, price) VALUES (5, 'Deo', 13044, 5.5);
INSERT INTO Product (id, name, number, price) VALUES (6, 'Kosmetikpinsel', 13045, 5.5);
INSERT INTO Product (id, name, number, price) VALUES (7, 'Lotion', 13046, 4.9900000000000002131628207280300557613372802734375);
INSERT INTO Product (id, name, number, price) VALUES (8, 'Creme', 13047, 3.089999999999999857891452847979962825775146484375);
INSERT INTO Product (id, name, number, price) VALUES (9, 'Teure Seife', 13048, 10.5);
INSERT INTO Product (id, name, number, price) VALUES (10, 'Teures Deo', 13049, 10.5);
INSERT INTO Product (id, name, number, price) VALUES (11, 'Teurer Kosmetikpinsel', 13050, 21.5);
INSERT INTO Product (id, name, number, price) VALUES (12, 'Teure Lotion', 13051, 14.9900000000000002131628207280300557613372802734375);
INSERT INTO Product (id, name, number, price) VALUES (13, 'Teure Creme', 13052, 13.089999999999999857891452847979962825775146484375);
INSERT INTO Product (id, name, number, price) VALUES (14, 'Roter Lippenstift', 13053, 6.5);
INSERT INTO Product (id, name, number, price) VALUES (15, 'Neutrales Deo', 13054, 5.5);
INSERT INTO Product (id, name, number, price) VALUES (16, 'Neutrale Bodylotion', 13055, 4.9900000000000002131628207280300557613372802734375);
INSERT INTO Product (id, name, number, price) VALUES (17, 'Deocreme', 13056, 3.089999999999999857891452847979962825775146484375);
INSERT INTO Product (id, name, number, price) VALUES (18, 'Rasierklingen', 13057, 3.089999999999999857891452847979962825775146484375);
