/* Generated by FastNate EntityImporter for H2Dialect */

/* Data from CustomerImportData */
INSERT INTO Customer (id, allergies, birthday, blemishes, city, forename, street, streetNumber, surname, zip) VALUES (1, 'Senf', 'ACED00057372000D6A6176612E74696D652E536572955D84BA1B2248B20C00007870770703000007E2091E78', 1, 'Berlüüün', 'Alexander', 'Straße', '14D', 'Mustermann', 12020);
INSERT INTO Customer_currentSkinCare (Customer_id, currentSkinCare) VALUES (1, 'Maske');
INSERT INTO Customer_currentSkinCare (Customer_id, currentSkinCare) VALUES (1, 'Gesichtswasser');
INSERT INTO Customer_improvments (Customer_id, improvments) VALUES (1, 'Unreinheiten bekämpfen, überschüssiges Hautfett regulieren');
INSERT INTO Customer_improvments (Customer_id, improvments) VALUES (1, 'Haut um die Augen straffen, pflegen und Fältchen minimieren');
INSERT INTO Customer_sensitivities (Customer_id, sensitivities) VALUES (1, 'Nicht empfindlich');
INSERT INTO Customer_skinFeatures (Customer_id, skinFeatures) VALUES (1, 'Trockene Haut');
INSERT INTO Customer_skinFeatures (Customer_id, skinFeatures) VALUES (1, 'Fettige Haut');
INSERT INTO Customer (id, allergies, birthday, blemishes, city, forename, street, streetNumber, surname, zip) VALUES (2, 'Senf', 'ACED00057372000D6A6176612E74696D652E536572955D84BA1B2248B20C00007870770703000007E2091E78', 0, 'Berlüüün', 'Bugs', 'Straße', '14D', 'Bunny', 12020);
INSERT INTO Customer_currentSkinCare (Customer_id, currentSkinCare) VALUES (2, 'Maske');
INSERT INTO Customer_currentSkinCare (Customer_id, currentSkinCare) VALUES (2, 'Gesichtswasser');
INSERT INTO Customer_improvments (Customer_id, improvments) VALUES (2, 'Unreinheiten bekämpfen, überschüssiges Hautfett regulieren');
INSERT INTO Customer_improvments (Customer_id, improvments) VALUES (2, 'Haut um die Augen straffen, pflegen und Fältchen minimieren');
INSERT INTO Customer_sensitivities (Customer_id, sensitivities) VALUES (2, 'Nicht empfindlich');
INSERT INTO Customer_skinFeatures (Customer_id, skinFeatures) VALUES (2, 'Trockene Haut');
INSERT INTO Customer_skinFeatures (Customer_id, skinFeatures) VALUES (2, 'Fettige Haut');
INSERT INTO Customer (id, allergies, birthday, blemishes, city, forename, street, streetNumber, surname, zip) VALUES (3, 'Erdnüsse', 'ACED00057372000D6A6176612E74696D652E536572955D84BA1B2248B20C00007870770703000007E2091E78', 1, 'Berlüüün', 'Daisy', 'Straße', '14D', 'Duck', 12020);
INSERT INTO Customer_currentSkinCare (Customer_id, currentSkinCare) VALUES (3, 'Maske');
INSERT INTO Customer_currentSkinCare (Customer_id, currentSkinCare) VALUES (3, 'Gesichtswasser');
INSERT INTO Customer_improvments (Customer_id, improvments) VALUES (3, 'Unreinheiten bekämpfen, überschüssiges Hautfett regulieren');
INSERT INTO Customer_improvments (Customer_id, improvments) VALUES (3, 'Haut um die Augen straffen, pflegen und Fältchen minimieren');
INSERT INTO Customer_sensitivities (Customer_id, sensitivities) VALUES (3, 'Nicht empfindlich');
INSERT INTO Customer_skinFeatures (Customer_id, skinFeatures) VALUES (3, 'Trockene Haut');
INSERT INTO Customer_skinFeatures (Customer_id, skinFeatures) VALUES (3, 'Fettige Haut');
INSERT INTO Customer (id, allergies, birthday, blemishes, city, forename, street, streetNumber, surname, zip) VALUES (4, 'Mais', 'ACED00057372000D6A6176612E74696D652E536572955D84BA1B2248B20C00007870770703000007E2091E78', 1, 'Berlüüün', 'Donald', 'Straße', '14D', 'Duck', 12020);
INSERT INTO Customer_currentSkinCare (Customer_id, currentSkinCare) VALUES (4, 'Maske');
INSERT INTO Customer_currentSkinCare (Customer_id, currentSkinCare) VALUES (4, 'Gesichtswasser');
INSERT INTO Customer_improvments (Customer_id, improvments) VALUES (4, 'Unreinheiten bekämpfen, überschüssiges Hautfett regulieren');
INSERT INTO Customer_improvments (Customer_id, improvments) VALUES (4, 'Haut um die Augen straffen, pflegen und Fältchen minimieren');
INSERT INTO Customer_sensitivities (Customer_id, sensitivities) VALUES (4, 'Nicht empfindlich');
INSERT INTO Customer_skinFeatures (Customer_id, skinFeatures) VALUES (4, 'Trockene Haut');
INSERT INTO Customer_skinFeatures (Customer_id, skinFeatures) VALUES (4, 'Fettige Haut');
INSERT INTO Customer (id, allergies, birthday, blemishes, city, forename, street, streetNumber, surname, zip) VALUES (5, 'Soja', 'ACED00057372000D6A6176612E74696D652E536572955D84BA1B2248B20C00007870770703000007E2091E78', 1, 'Berlüüün', 'Nina', 'Straße', '14D', 'Hagen', 12020);
INSERT INTO Customer_currentSkinCare (Customer_id, currentSkinCare) VALUES (5, 'Maske');
INSERT INTO Customer_currentSkinCare (Customer_id, currentSkinCare) VALUES (5, 'Gesichtswasser');
INSERT INTO Customer_improvments (Customer_id, improvments) VALUES (5, 'Unreinheiten bekämpfen, überschüssiges Hautfett regulieren');
INSERT INTO Customer_improvments (Customer_id, improvments) VALUES (5, 'Haut um die Augen straffen, pflegen und Fältchen minimieren');
INSERT INTO Customer_sensitivities (Customer_id, sensitivities) VALUES (5, 'Nicht empfindlich');
INSERT INTO Customer_skinFeatures (Customer_id, skinFeatures) VALUES (5, 'Trockene Haut');
INSERT INTO Customer_skinFeatures (Customer_id, skinFeatures) VALUES (5, 'Fettige Haut');
INSERT INTO Customer (id, allergies, birthday, blemishes, city, forename, street, streetNumber, surname, zip) VALUES (6, 'Weizen', 'ACED00057372000D6A6176612E74696D652E536572955D84BA1B2248B20C00007870770703000007E2091E78', 1, 'Blub', 'Jennie', 'Straße', '14D', 'Musterfrau', 12020);
INSERT INTO Customer_currentSkinCare (Customer_id, currentSkinCare) VALUES (6, 'Maske');
INSERT INTO Customer_currentSkinCare (Customer_id, currentSkinCare) VALUES (6, 'Gesichtswasser');
INSERT INTO Customer_improvments (Customer_id, improvments) VALUES (6, 'Unreinheiten bekämpfen, überschüssiges Hautfett regulieren');
INSERT INTO Customer_improvments (Customer_id, improvments) VALUES (6, 'Haut um die Augen straffen, pflegen und Fältchen minimieren');
INSERT INTO Customer_sensitivities (Customer_id, sensitivities) VALUES (6, 'Nicht empfindlich');
INSERT INTO Customer_skinFeatures (Customer_id, skinFeatures) VALUES (6, 'Trockene Haut');
INSERT INTO Customer_skinFeatures (Customer_id, skinFeatures) VALUES (6, 'Fettige Haut');
INSERT INTO Customer (id, allergies, birthday, blemishes, city, forename, street, streetNumber, surname, zip) VALUES (7, 'Senf', 'ACED00057372000D6A6176612E74696D652E536572955D84BA1B2248B20C00007870770703000007E2091E78', 1, 'Berlüüün', 'Alexander', 'Straße', '14D', 'Mustermann', 12020);
INSERT INTO Customer_currentSkinCare (Customer_id, currentSkinCare) VALUES (7, 'Maske');
INSERT INTO Customer_currentSkinCare (Customer_id, currentSkinCare) VALUES (7, 'Gesichtswasser');
INSERT INTO Customer_improvments (Customer_id, improvments) VALUES (7, 'Unreinheiten bekämpfen, überschüssiges Hautfett regulieren');
INSERT INTO Customer_improvments (Customer_id, improvments) VALUES (7, 'Haut um die Augen straffen, pflegen und Fältchen minimieren');
INSERT INTO Customer_sensitivities (Customer_id, sensitivities) VALUES (7, 'Nicht empfindlich');
INSERT INTO Customer_skinFeatures (Customer_id, skinFeatures) VALUES (7, 'Trockene Haut');
INSERT INTO Customer_skinFeatures (Customer_id, skinFeatures) VALUES (7, 'Fettige Haut');
INSERT INTO Customer (id, allergies, birthday, blemishes, city, forename, street, streetNumber, surname, zip) VALUES (8, 'Senf', 'ACED00057372000D6A6176612E74696D652E536572955D84BA1B2248B20C00007870770703000007E2091E78', 0, 'Berlüüün', 'Bugs', 'Straße', '14D', 'Bunny', 12020);
INSERT INTO Customer_currentSkinCare (Customer_id, currentSkinCare) VALUES (8, 'Maske');
INSERT INTO Customer_currentSkinCare (Customer_id, currentSkinCare) VALUES (8, 'Gesichtswasser');
INSERT INTO Customer_improvments (Customer_id, improvments) VALUES (8, 'Unreinheiten bekämpfen, überschüssiges Hautfett regulieren');
INSERT INTO Customer_improvments (Customer_id, improvments) VALUES (8, 'Haut um die Augen straffen, pflegen und Fältchen minimieren');
INSERT INTO Customer_sensitivities (Customer_id, sensitivities) VALUES (8, 'Nicht empfindlich');
INSERT INTO Customer_skinFeatures (Customer_id, skinFeatures) VALUES (8, 'Trockene Haut');
INSERT INTO Customer_skinFeatures (Customer_id, skinFeatures) VALUES (8, 'Fettige Haut');
INSERT INTO Customer (id, allergies, birthday, blemishes, city, forename, street, streetNumber, surname, zip) VALUES (9, 'Erdnüsse', 'ACED00057372000D6A6176612E74696D652E536572955D84BA1B2248B20C00007870770703000007E2091E78', 1, 'Berlüüün', 'Daisy', 'Straße', '14D', 'Duck', 12020);
INSERT INTO Customer_currentSkinCare (Customer_id, currentSkinCare) VALUES (9, 'Maske');
INSERT INTO Customer_currentSkinCare (Customer_id, currentSkinCare) VALUES (9, 'Gesichtswasser');
INSERT INTO Customer_improvments (Customer_id, improvments) VALUES (9, 'Unreinheiten bekämpfen, überschüssiges Hautfett regulieren');
INSERT INTO Customer_improvments (Customer_id, improvments) VALUES (9, 'Haut um die Augen straffen, pflegen und Fältchen minimieren');
INSERT INTO Customer_sensitivities (Customer_id, sensitivities) VALUES (9, 'Nicht empfindlich');
INSERT INTO Customer_skinFeatures (Customer_id, skinFeatures) VALUES (9, 'Trockene Haut');
INSERT INTO Customer_skinFeatures (Customer_id, skinFeatures) VALUES (9, 'Fettige Haut');
INSERT INTO Customer (id, allergies, birthday, blemishes, city, forename, street, streetNumber, surname, zip) VALUES (10, 'Mais', 'ACED00057372000D6A6176612E74696D652E536572955D84BA1B2248B20C00007870770703000007E2091E78', 1, 'Berlüüün', 'Donald', 'Straße', '14D', 'Duck', 12020);
INSERT INTO Customer_currentSkinCare (Customer_id, currentSkinCare) VALUES (10, 'Maske');
INSERT INTO Customer_currentSkinCare (Customer_id, currentSkinCare) VALUES (10, 'Gesichtswasser');
INSERT INTO Customer_improvments (Customer_id, improvments) VALUES (10, 'Unreinheiten bekämpfen, überschüssiges Hautfett regulieren');
INSERT INTO Customer_improvments (Customer_id, improvments) VALUES (10, 'Haut um die Augen straffen, pflegen und Fältchen minimieren');
INSERT INTO Customer_sensitivities (Customer_id, sensitivities) VALUES (10, 'Nicht empfindlich');
INSERT INTO Customer_skinFeatures (Customer_id, skinFeatures) VALUES (10, 'Trockene Haut');
INSERT INTO Customer_skinFeatures (Customer_id, skinFeatures) VALUES (10, 'Fettige Haut');
INSERT INTO Customer (id, allergies, birthday, blemishes, city, forename, street, streetNumber, surname, zip) VALUES (11, 'Soja', 'ACED00057372000D6A6176612E74696D652E536572955D84BA1B2248B20C00007870770703000007E2091E78', 1, 'Berlüüün', 'Nina', 'Straße', '14D', 'Hagen', 12020);
INSERT INTO Customer_currentSkinCare (Customer_id, currentSkinCare) VALUES (11, 'Maske');
INSERT INTO Customer_currentSkinCare (Customer_id, currentSkinCare) VALUES (11, 'Gesichtswasser');
INSERT INTO Customer_improvments (Customer_id, improvments) VALUES (11, 'Unreinheiten bekämpfen, überschüssiges Hautfett regulieren');
INSERT INTO Customer_improvments (Customer_id, improvments) VALUES (11, 'Haut um die Augen straffen, pflegen und Fältchen minimieren');
INSERT INTO Customer_sensitivities (Customer_id, sensitivities) VALUES (11, 'Nicht empfindlich');
INSERT INTO Customer_skinFeatures (Customer_id, skinFeatures) VALUES (11, 'Trockene Haut');
INSERT INTO Customer_skinFeatures (Customer_id, skinFeatures) VALUES (11, 'Fettige Haut');
INSERT INTO Customer (id, allergies, birthday, blemishes, city, forename, street, streetNumber, surname, zip) VALUES (12, 'Weizen', 'ACED00057372000D6A6176612E74696D652E536572955D84BA1B2248B20C00007870770703000007E2091E78', 1, 'Blub', 'Jennie', 'Straße', '14D', 'Musterfrau', 12020);
INSERT INTO Customer_currentSkinCare (Customer_id, currentSkinCare) VALUES (12, 'Maske');
INSERT INTO Customer_currentSkinCare (Customer_id, currentSkinCare) VALUES (12, 'Gesichtswasser');
INSERT INTO Customer_improvments (Customer_id, improvments) VALUES (12, 'Unreinheiten bekämpfen, überschüssiges Hautfett regulieren');
INSERT INTO Customer_improvments (Customer_id, improvments) VALUES (12, 'Haut um die Augen straffen, pflegen und Fältchen minimieren');
INSERT INTO Customer_sensitivities (Customer_id, sensitivities) VALUES (12, 'Nicht empfindlich');
INSERT INTO Customer_skinFeatures (Customer_id, skinFeatures) VALUES (12, 'Trockene Haut');
INSERT INTO Customer_skinFeatures (Customer_id, skinFeatures) VALUES (12, 'Fettige Haut');
INSERT INTO Customer (id, allergies, birthday, blemishes, city, forename, street, streetNumber, surname, zip) VALUES (13, 'Senf', 'ACED00057372000D6A6176612E74696D652E536572955D84BA1B2248B20C00007870770703000007E2091E78', 1, 'Berlüüün', 'Alexander', 'Straße', '14D', 'Mustermann', 12020);
INSERT INTO Customer_currentSkinCare (Customer_id, currentSkinCare) VALUES (13, 'Maske');
INSERT INTO Customer_currentSkinCare (Customer_id, currentSkinCare) VALUES (13, 'Gesichtswasser');
INSERT INTO Customer_improvments (Customer_id, improvments) VALUES (13, 'Unreinheiten bekämpfen, überschüssiges Hautfett regulieren');
INSERT INTO Customer_improvments (Customer_id, improvments) VALUES (13, 'Haut um die Augen straffen, pflegen und Fältchen minimieren');
INSERT INTO Customer_sensitivities (Customer_id, sensitivities) VALUES (13, 'Nicht empfindlich');
INSERT INTO Customer_skinFeatures (Customer_id, skinFeatures) VALUES (13, 'Trockene Haut');
INSERT INTO Customer_skinFeatures (Customer_id, skinFeatures) VALUES (13, 'Fettige Haut');
INSERT INTO Customer (id, allergies, birthday, blemishes, city, forename, street, streetNumber, surname, zip) VALUES (14, 'Senf', 'ACED00057372000D6A6176612E74696D652E536572955D84BA1B2248B20C00007870770703000007E2091E78', 0, 'Berlüüün', 'Bugs', 'Straße', '14D', 'Bunny', 12020);
INSERT INTO Customer_currentSkinCare (Customer_id, currentSkinCare) VALUES (14, 'Maske');
INSERT INTO Customer_currentSkinCare (Customer_id, currentSkinCare) VALUES (14, 'Gesichtswasser');
INSERT INTO Customer_improvments (Customer_id, improvments) VALUES (14, 'Unreinheiten bekämpfen, überschüssiges Hautfett regulieren');
INSERT INTO Customer_improvments (Customer_id, improvments) VALUES (14, 'Haut um die Augen straffen, pflegen und Fältchen minimieren');
INSERT INTO Customer_sensitivities (Customer_id, sensitivities) VALUES (14, 'Nicht empfindlich');
INSERT INTO Customer_skinFeatures (Customer_id, skinFeatures) VALUES (14, 'Trockene Haut');
INSERT INTO Customer_skinFeatures (Customer_id, skinFeatures) VALUES (14, 'Fettige Haut');
INSERT INTO Customer (id, allergies, birthday, blemishes, city, forename, street, streetNumber, surname, zip) VALUES (15, 'Erdnüsse', 'ACED00057372000D6A6176612E74696D652E536572955D84BA1B2248B20C00007870770703000007E2091E78', 1, 'Berlüüün', 'Daisy', 'Straße', '14D', 'Duck', 12020);
INSERT INTO Customer_currentSkinCare (Customer_id, currentSkinCare) VALUES (15, 'Maske');
INSERT INTO Customer_currentSkinCare (Customer_id, currentSkinCare) VALUES (15, 'Gesichtswasser');
INSERT INTO Customer_improvments (Customer_id, improvments) VALUES (15, 'Unreinheiten bekämpfen, überschüssiges Hautfett regulieren');
INSERT INTO Customer_improvments (Customer_id, improvments) VALUES (15, 'Haut um die Augen straffen, pflegen und Fältchen minimieren');
INSERT INTO Customer_sensitivities (Customer_id, sensitivities) VALUES (15, 'Nicht empfindlich');
INSERT INTO Customer_skinFeatures (Customer_id, skinFeatures) VALUES (15, 'Trockene Haut');
INSERT INTO Customer_skinFeatures (Customer_id, skinFeatures) VALUES (15, 'Fettige Haut');
INSERT INTO Customer (id, allergies, birthday, blemishes, city, forename, street, streetNumber, surname, zip) VALUES (16, 'Mais', 'ACED00057372000D6A6176612E74696D652E536572955D84BA1B2248B20C00007870770703000007E2091E78', 1, 'Berlüüün', 'Donald', 'Straße', '14D', 'Duck', 12020);
INSERT INTO Customer_currentSkinCare (Customer_id, currentSkinCare) VALUES (16, 'Maske');
INSERT INTO Customer_currentSkinCare (Customer_id, currentSkinCare) VALUES (16, 'Gesichtswasser');
INSERT INTO Customer_improvments (Customer_id, improvments) VALUES (16, 'Unreinheiten bekämpfen, überschüssiges Hautfett regulieren');
INSERT INTO Customer_improvments (Customer_id, improvments) VALUES (16, 'Haut um die Augen straffen, pflegen und Fältchen minimieren');
INSERT INTO Customer_sensitivities (Customer_id, sensitivities) VALUES (16, 'Nicht empfindlich');
INSERT INTO Customer_skinFeatures (Customer_id, skinFeatures) VALUES (16, 'Trockene Haut');
INSERT INTO Customer_skinFeatures (Customer_id, skinFeatures) VALUES (16, 'Fettige Haut');
INSERT INTO Customer (id, allergies, birthday, blemishes, city, forename, street, streetNumber, surname, zip) VALUES (17, 'Soja', 'ACED00057372000D6A6176612E74696D652E536572955D84BA1B2248B20C00007870770703000007E2091E78', 1, 'Berlüüün', 'Nina', 'Straße', '14D', 'Hagen', 12020);
INSERT INTO Customer_currentSkinCare (Customer_id, currentSkinCare) VALUES (17, 'Maske');
INSERT INTO Customer_currentSkinCare (Customer_id, currentSkinCare) VALUES (17, 'Gesichtswasser');
INSERT INTO Customer_improvments (Customer_id, improvments) VALUES (17, 'Unreinheiten bekämpfen, überschüssiges Hautfett regulieren');
INSERT INTO Customer_improvments (Customer_id, improvments) VALUES (17, 'Haut um die Augen straffen, pflegen und Fältchen minimieren');
INSERT INTO Customer_sensitivities (Customer_id, sensitivities) VALUES (17, 'Nicht empfindlich');
INSERT INTO Customer_skinFeatures (Customer_id, skinFeatures) VALUES (17, 'Trockene Haut');
INSERT INTO Customer_skinFeatures (Customer_id, skinFeatures) VALUES (17, 'Fettige Haut');
INSERT INTO Customer (id, allergies, birthday, blemishes, city, forename, street, streetNumber, surname, zip) VALUES (18, 'Weizen', 'ACED00057372000D6A6176612E74696D652E536572955D84BA1B2248B20C00007870770703000007E2091E78', 1, 'Blub', 'Jennie', 'Straße', '14D', 'Musterfrau', 12020);
INSERT INTO Customer_currentSkinCare (Customer_id, currentSkinCare) VALUES (18, 'Maske');
INSERT INTO Customer_currentSkinCare (Customer_id, currentSkinCare) VALUES (18, 'Gesichtswasser');
INSERT INTO Customer_improvments (Customer_id, improvments) VALUES (18, 'Unreinheiten bekämpfen, überschüssiges Hautfett regulieren');
INSERT INTO Customer_improvments (Customer_id, improvments) VALUES (18, 'Haut um die Augen straffen, pflegen und Fältchen minimieren');
INSERT INTO Customer_sensitivities (Customer_id, sensitivities) VALUES (18, 'Nicht empfindlich');
INSERT INTO Customer_skinFeatures (Customer_id, skinFeatures) VALUES (18, 'Trockene Haut');
INSERT INTO Customer_skinFeatures (Customer_id, skinFeatures) VALUES (18, 'Fettige Haut');
INSERT INTO Customer (id, allergies, birthday, blemishes, city, forename, street, streetNumber, surname, zip) VALUES (19, 'Senf', 'ACED00057372000D6A6176612E74696D652E536572955D84BA1B2248B20C00007870770703000007E2091E78', 1, 'Berlüüün', 'Alexander', 'Straße', '14D', 'Mustermann', 12020);
INSERT INTO Customer_currentSkinCare (Customer_id, currentSkinCare) VALUES (19, 'Maske');
INSERT INTO Customer_currentSkinCare (Customer_id, currentSkinCare) VALUES (19, 'Gesichtswasser');
INSERT INTO Customer_improvments (Customer_id, improvments) VALUES (19, 'Unreinheiten bekämpfen, überschüssiges Hautfett regulieren');
INSERT INTO Customer_improvments (Customer_id, improvments) VALUES (19, 'Haut um die Augen straffen, pflegen und Fältchen minimieren');
INSERT INTO Customer_sensitivities (Customer_id, sensitivities) VALUES (19, 'Nicht empfindlich');
INSERT INTO Customer_skinFeatures (Customer_id, skinFeatures) VALUES (19, 'Trockene Haut');
INSERT INTO Customer_skinFeatures (Customer_id, skinFeatures) VALUES (19, 'Fettige Haut');
INSERT INTO Customer (id, allergies, birthday, blemishes, city, forename, street, streetNumber, surname, zip) VALUES (20, 'Senf', 'ACED00057372000D6A6176612E74696D652E536572955D84BA1B2248B20C00007870770703000007E2091E78', 0, 'Berlüüün', 'Bugs', 'Straße', '14D', 'Bunny', 12020);
INSERT INTO Customer_currentSkinCare (Customer_id, currentSkinCare) VALUES (20, 'Maske');
INSERT INTO Customer_currentSkinCare (Customer_id, currentSkinCare) VALUES (20, 'Gesichtswasser');
INSERT INTO Customer_improvments (Customer_id, improvments) VALUES (20, 'Unreinheiten bekämpfen, überschüssiges Hautfett regulieren');
INSERT INTO Customer_improvments (Customer_id, improvments) VALUES (20, 'Haut um die Augen straffen, pflegen und Fältchen minimieren');
INSERT INTO Customer_sensitivities (Customer_id, sensitivities) VALUES (20, 'Nicht empfindlich');
INSERT INTO Customer_skinFeatures (Customer_id, skinFeatures) VALUES (20, 'Trockene Haut');
INSERT INTO Customer_skinFeatures (Customer_id, skinFeatures) VALUES (20, 'Fettige Haut');
INSERT INTO Customer (id, allergies, birthday, blemishes, city, forename, street, streetNumber, surname, zip) VALUES (21, 'Erdnüsse', 'ACED00057372000D6A6176612E74696D652E536572955D84BA1B2248B20C00007870770703000007E2091E78', 1, 'Berlüüün', 'Daisy', 'Straße', '14D', 'Duck', 12020);
INSERT INTO Customer_currentSkinCare (Customer_id, currentSkinCare) VALUES (21, 'Maske');
INSERT INTO Customer_currentSkinCare (Customer_id, currentSkinCare) VALUES (21, 'Gesichtswasser');
INSERT INTO Customer_improvments (Customer_id, improvments) VALUES (21, 'Unreinheiten bekämpfen, überschüssiges Hautfett regulieren');
INSERT INTO Customer_improvments (Customer_id, improvments) VALUES (21, 'Haut um die Augen straffen, pflegen und Fältchen minimieren');
INSERT INTO Customer_sensitivities (Customer_id, sensitivities) VALUES (21, 'Nicht empfindlich');
INSERT INTO Customer_skinFeatures (Customer_id, skinFeatures) VALUES (21, 'Trockene Haut');
INSERT INTO Customer_skinFeatures (Customer_id, skinFeatures) VALUES (21, 'Fettige Haut');
INSERT INTO Customer (id, allergies, birthday, blemishes, city, forename, street, streetNumber, surname, zip) VALUES (22, 'Mais', 'ACED00057372000D6A6176612E74696D652E536572955D84BA1B2248B20C00007870770703000007E2091E78', 1, 'Berlüüün', 'Donald', 'Straße', '14D', 'Duck', 12020);
INSERT INTO Customer_currentSkinCare (Customer_id, currentSkinCare) VALUES (22, 'Maske');
INSERT INTO Customer_currentSkinCare (Customer_id, currentSkinCare) VALUES (22, 'Gesichtswasser');
INSERT INTO Customer_improvments (Customer_id, improvments) VALUES (22, 'Unreinheiten bekämpfen, überschüssiges Hautfett regulieren');
INSERT INTO Customer_improvments (Customer_id, improvments) VALUES (22, 'Haut um die Augen straffen, pflegen und Fältchen minimieren');
INSERT INTO Customer_sensitivities (Customer_id, sensitivities) VALUES (22, 'Nicht empfindlich');
INSERT INTO Customer_skinFeatures (Customer_id, skinFeatures) VALUES (22, 'Trockene Haut');
INSERT INTO Customer_skinFeatures (Customer_id, skinFeatures) VALUES (22, 'Fettige Haut');
INSERT INTO Customer (id, allergies, birthday, blemishes, city, forename, street, streetNumber, surname, zip) VALUES (23, 'Soja', 'ACED00057372000D6A6176612E74696D652E536572955D84BA1B2248B20C00007870770703000007E2091E78', 1, 'Berlüüün', 'Nina', 'Straße', '14D', 'Hagen', 12020);
INSERT INTO Customer_currentSkinCare (Customer_id, currentSkinCare) VALUES (23, 'Maske');
INSERT INTO Customer_currentSkinCare (Customer_id, currentSkinCare) VALUES (23, 'Gesichtswasser');
INSERT INTO Customer_improvments (Customer_id, improvments) VALUES (23, 'Unreinheiten bekämpfen, überschüssiges Hautfett regulieren');
INSERT INTO Customer_improvments (Customer_id, improvments) VALUES (23, 'Haut um die Augen straffen, pflegen und Fältchen minimieren');
INSERT INTO Customer_sensitivities (Customer_id, sensitivities) VALUES (23, 'Nicht empfindlich');
INSERT INTO Customer_skinFeatures (Customer_id, skinFeatures) VALUES (23, 'Trockene Haut');
INSERT INTO Customer_skinFeatures (Customer_id, skinFeatures) VALUES (23, 'Fettige Haut');
INSERT INTO Customer (id, allergies, birthday, blemishes, city, forename, street, streetNumber, surname, zip) VALUES (24, 'Weizen', 'ACED00057372000D6A6176612E74696D652E536572955D84BA1B2248B20C00007870770703000007E2091E78', 1, 'Blub', 'Jennie', 'Straße', '14D', 'Musterfrau', 12020);
INSERT INTO Customer_currentSkinCare (Customer_id, currentSkinCare) VALUES (24, 'Maske');
INSERT INTO Customer_currentSkinCare (Customer_id, currentSkinCare) VALUES (24, 'Gesichtswasser');
INSERT INTO Customer_improvments (Customer_id, improvments) VALUES (24, 'Unreinheiten bekämpfen, überschüssiges Hautfett regulieren');
INSERT INTO Customer_improvments (Customer_id, improvments) VALUES (24, 'Haut um die Augen straffen, pflegen und Fältchen minimieren');
INSERT INTO Customer_sensitivities (Customer_id, sensitivities) VALUES (24, 'Nicht empfindlich');
INSERT INTO Customer_skinFeatures (Customer_id, skinFeatures) VALUES (24, 'Trockene Haut');
INSERT INTO Customer_skinFeatures (Customer_id, skinFeatures) VALUES (24, 'Fettige Haut');
INSERT INTO Customer (id, allergies, birthday, blemishes, city, forename, street, streetNumber, surname, zip) VALUES (25, 'Senf', 'ACED00057372000D6A6176612E74696D652E536572955D84BA1B2248B20C00007870770703000007E2091E78', 1, 'Berlüüün', 'Alexander', 'Straße', '14D', 'Mustermann', 12020);
INSERT INTO Customer_currentSkinCare (Customer_id, currentSkinCare) VALUES (25, 'Maske');
INSERT INTO Customer_currentSkinCare (Customer_id, currentSkinCare) VALUES (25, 'Gesichtswasser');
INSERT INTO Customer_improvments (Customer_id, improvments) VALUES (25, 'Unreinheiten bekämpfen, überschüssiges Hautfett regulieren');
INSERT INTO Customer_improvments (Customer_id, improvments) VALUES (25, 'Haut um die Augen straffen, pflegen und Fältchen minimieren');
INSERT INTO Customer_sensitivities (Customer_id, sensitivities) VALUES (25, 'Nicht empfindlich');
INSERT INTO Customer_skinFeatures (Customer_id, skinFeatures) VALUES (25, 'Trockene Haut');
INSERT INTO Customer_skinFeatures (Customer_id, skinFeatures) VALUES (25, 'Fettige Haut');
INSERT INTO Customer (id, allergies, birthday, blemishes, city, forename, street, streetNumber, surname, zip) VALUES (26, 'Senf', 'ACED00057372000D6A6176612E74696D652E536572955D84BA1B2248B20C00007870770703000007E2091E78', 0, 'Berlüüün', 'Bugs', 'Straße', '14D', 'Bunny', 12020);
INSERT INTO Customer_currentSkinCare (Customer_id, currentSkinCare) VALUES (26, 'Maske');
INSERT INTO Customer_currentSkinCare (Customer_id, currentSkinCare) VALUES (26, 'Gesichtswasser');
INSERT INTO Customer_improvments (Customer_id, improvments) VALUES (26, 'Unreinheiten bekämpfen, überschüssiges Hautfett regulieren');
INSERT INTO Customer_improvments (Customer_id, improvments) VALUES (26, 'Haut um die Augen straffen, pflegen und Fältchen minimieren');
INSERT INTO Customer_sensitivities (Customer_id, sensitivities) VALUES (26, 'Nicht empfindlich');
INSERT INTO Customer_skinFeatures (Customer_id, skinFeatures) VALUES (26, 'Trockene Haut');
INSERT INTO Customer_skinFeatures (Customer_id, skinFeatures) VALUES (26, 'Fettige Haut');
INSERT INTO Customer (id, allergies, birthday, blemishes, city, forename, street, streetNumber, surname, zip) VALUES (27, 'Erdnüsse', 'ACED00057372000D6A6176612E74696D652E536572955D84BA1B2248B20C00007870770703000007E2091E78', 1, 'Berlüüün', 'Daisy', 'Straße', '14D', 'Duck', 12020);
INSERT INTO Customer_currentSkinCare (Customer_id, currentSkinCare) VALUES (27, 'Maske');
INSERT INTO Customer_currentSkinCare (Customer_id, currentSkinCare) VALUES (27, 'Gesichtswasser');
INSERT INTO Customer_improvments (Customer_id, improvments) VALUES (27, 'Unreinheiten bekämpfen, überschüssiges Hautfett regulieren');
INSERT INTO Customer_improvments (Customer_id, improvments) VALUES (27, 'Haut um die Augen straffen, pflegen und Fältchen minimieren');
INSERT INTO Customer_sensitivities (Customer_id, sensitivities) VALUES (27, 'Nicht empfindlich');
INSERT INTO Customer_skinFeatures (Customer_id, skinFeatures) VALUES (27, 'Trockene Haut');
INSERT INTO Customer_skinFeatures (Customer_id, skinFeatures) VALUES (27, 'Fettige Haut');
INSERT INTO Customer (id, allergies, birthday, blemishes, city, forename, street, streetNumber, surname, zip) VALUES (28, 'Mais', 'ACED00057372000D6A6176612E74696D652E536572955D84BA1B2248B20C00007870770703000007E2091E78', 1, 'Berlüüün', 'Donald', 'Straße', '14D', 'Duck', 12020);
INSERT INTO Customer_currentSkinCare (Customer_id, currentSkinCare) VALUES (28, 'Maske');
INSERT INTO Customer_currentSkinCare (Customer_id, currentSkinCare) VALUES (28, 'Gesichtswasser');
INSERT INTO Customer_improvments (Customer_id, improvments) VALUES (28, 'Unreinheiten bekämpfen, überschüssiges Hautfett regulieren');
INSERT INTO Customer_improvments (Customer_id, improvments) VALUES (28, 'Haut um die Augen straffen, pflegen und Fältchen minimieren');
INSERT INTO Customer_sensitivities (Customer_id, sensitivities) VALUES (28, 'Nicht empfindlich');
INSERT INTO Customer_skinFeatures (Customer_id, skinFeatures) VALUES (28, 'Trockene Haut');
INSERT INTO Customer_skinFeatures (Customer_id, skinFeatures) VALUES (28, 'Fettige Haut');
INSERT INTO Customer (id, allergies, birthday, blemishes, city, forename, street, streetNumber, surname, zip) VALUES (29, 'Soja', 'ACED00057372000D6A6176612E74696D652E536572955D84BA1B2248B20C00007870770703000007E2091E78', 1, 'Berlüüün', 'Nina', 'Straße', '14D', 'Hagen', 12020);
INSERT INTO Customer_currentSkinCare (Customer_id, currentSkinCare) VALUES (29, 'Maske');
INSERT INTO Customer_currentSkinCare (Customer_id, currentSkinCare) VALUES (29, 'Gesichtswasser');
INSERT INTO Customer_improvments (Customer_id, improvments) VALUES (29, 'Unreinheiten bekämpfen, überschüssiges Hautfett regulieren');
INSERT INTO Customer_improvments (Customer_id, improvments) VALUES (29, 'Haut um die Augen straffen, pflegen und Fältchen minimieren');
INSERT INTO Customer_sensitivities (Customer_id, sensitivities) VALUES (29, 'Nicht empfindlich');
INSERT INTO Customer_skinFeatures (Customer_id, skinFeatures) VALUES (29, 'Trockene Haut');
INSERT INTO Customer_skinFeatures (Customer_id, skinFeatures) VALUES (29, 'Fettige Haut');
INSERT INTO Customer (id, allergies, birthday, blemishes, city, forename, street, streetNumber, surname, zip) VALUES (30, 'Weizen', 'ACED00057372000D6A6176612E74696D652E536572955D84BA1B2248B20C00007870770703000007E2091E78', 1, 'Blub', 'Jennie', 'Straße', '14D', 'Musterfrau', 12020);
INSERT INTO Customer_currentSkinCare (Customer_id, currentSkinCare) VALUES (30, 'Maske');
INSERT INTO Customer_currentSkinCare (Customer_id, currentSkinCare) VALUES (30, 'Gesichtswasser');
INSERT INTO Customer_improvments (Customer_id, improvments) VALUES (30, 'Unreinheiten bekämpfen, überschüssiges Hautfett regulieren');
INSERT INTO Customer_improvments (Customer_id, improvments) VALUES (30, 'Haut um die Augen straffen, pflegen und Fältchen minimieren');
INSERT INTO Customer_sensitivities (Customer_id, sensitivities) VALUES (30, 'Nicht empfindlich');
INSERT INTO Customer_skinFeatures (Customer_id, skinFeatures) VALUES (30, 'Trockene Haut');
INSERT INTO Customer_skinFeatures (Customer_id, skinFeatures) VALUES (30, 'Fettige Haut');
INSERT INTO Customer (id, allergies, birthday, blemishes, city, forename, street, streetNumber, surname, zip) VALUES (31, 'Senf', 'ACED00057372000D6A6176612E74696D652E536572955D84BA1B2248B20C00007870770703000007E2091E78', 1, 'Berlüüün', 'Alexander', 'Straße', '14D', 'Mustermann', 12020);
INSERT INTO Customer_currentSkinCare (Customer_id, currentSkinCare) VALUES (31, 'Maske');
INSERT INTO Customer_currentSkinCare (Customer_id, currentSkinCare) VALUES (31, 'Gesichtswasser');
INSERT INTO Customer_improvments (Customer_id, improvments) VALUES (31, 'Unreinheiten bekämpfen, überschüssiges Hautfett regulieren');
INSERT INTO Customer_improvments (Customer_id, improvments) VALUES (31, 'Haut um die Augen straffen, pflegen und Fältchen minimieren');
INSERT INTO Customer_sensitivities (Customer_id, sensitivities) VALUES (31, 'Nicht empfindlich');
INSERT INTO Customer_skinFeatures (Customer_id, skinFeatures) VALUES (31, 'Trockene Haut');
INSERT INTO Customer_skinFeatures (Customer_id, skinFeatures) VALUES (31, 'Fettige Haut');
INSERT INTO Customer (id, allergies, birthday, blemishes, city, forename, street, streetNumber, surname, zip) VALUES (32, 'Senf', 'ACED00057372000D6A6176612E74696D652E536572955D84BA1B2248B20C00007870770703000007E2091E78', 0, 'Berlüüün', 'Bugs', 'Straße', '14D', 'Bunny', 12020);
INSERT INTO Customer_currentSkinCare (Customer_id, currentSkinCare) VALUES (32, 'Maske');
INSERT INTO Customer_currentSkinCare (Customer_id, currentSkinCare) VALUES (32, 'Gesichtswasser');
INSERT INTO Customer_improvments (Customer_id, improvments) VALUES (32, 'Unreinheiten bekämpfen, überschüssiges Hautfett regulieren');
INSERT INTO Customer_improvments (Customer_id, improvments) VALUES (32, 'Haut um die Augen straffen, pflegen und Fältchen minimieren');
INSERT INTO Customer_sensitivities (Customer_id, sensitivities) VALUES (32, 'Nicht empfindlich');
INSERT INTO Customer_skinFeatures (Customer_id, skinFeatures) VALUES (32, 'Trockene Haut');
INSERT INTO Customer_skinFeatures (Customer_id, skinFeatures) VALUES (32, 'Fettige Haut');
INSERT INTO Customer (id, allergies, birthday, blemishes, city, forename, street, streetNumber, surname, zip) VALUES (33, 'Erdnüsse', 'ACED00057372000D6A6176612E74696D652E536572955D84BA1B2248B20C00007870770703000007E2091E78', 1, 'Berlüüün', 'Daisy', 'Straße', '14D', 'Duck', 12020);
INSERT INTO Customer_currentSkinCare (Customer_id, currentSkinCare) VALUES (33, 'Maske');
INSERT INTO Customer_currentSkinCare (Customer_id, currentSkinCare) VALUES (33, 'Gesichtswasser');
INSERT INTO Customer_improvments (Customer_id, improvments) VALUES (33, 'Unreinheiten bekämpfen, überschüssiges Hautfett regulieren');
INSERT INTO Customer_improvments (Customer_id, improvments) VALUES (33, 'Haut um die Augen straffen, pflegen und Fältchen minimieren');
INSERT INTO Customer_sensitivities (Customer_id, sensitivities) VALUES (33, 'Nicht empfindlich');
INSERT INTO Customer_skinFeatures (Customer_id, skinFeatures) VALUES (33, 'Trockene Haut');
INSERT INTO Customer_skinFeatures (Customer_id, skinFeatures) VALUES (33, 'Fettige Haut');
INSERT INTO Customer (id, allergies, birthday, blemishes, city, forename, street, streetNumber, surname, zip) VALUES (34, 'Mais', 'ACED00057372000D6A6176612E74696D652E536572955D84BA1B2248B20C00007870770703000007E2091E78', 1, 'Berlüüün', 'Donald', 'Straße', '14D', 'Duck', 12020);
INSERT INTO Customer_currentSkinCare (Customer_id, currentSkinCare) VALUES (34, 'Maske');
INSERT INTO Customer_currentSkinCare (Customer_id, currentSkinCare) VALUES (34, 'Gesichtswasser');
INSERT INTO Customer_improvments (Customer_id, improvments) VALUES (34, 'Unreinheiten bekämpfen, überschüssiges Hautfett regulieren');
INSERT INTO Customer_improvments (Customer_id, improvments) VALUES (34, 'Haut um die Augen straffen, pflegen und Fältchen minimieren');
INSERT INTO Customer_sensitivities (Customer_id, sensitivities) VALUES (34, 'Nicht empfindlich');
INSERT INTO Customer_skinFeatures (Customer_id, skinFeatures) VALUES (34, 'Trockene Haut');
INSERT INTO Customer_skinFeatures (Customer_id, skinFeatures) VALUES (34, 'Fettige Haut');
INSERT INTO Customer (id, allergies, birthday, blemishes, city, forename, street, streetNumber, surname, zip) VALUES (35, 'Soja', 'ACED00057372000D6A6176612E74696D652E536572955D84BA1B2248B20C00007870770703000007E2091E78', 1, 'Berlüüün', 'Nina', 'Straße', '14D', 'Hagen', 12020);
INSERT INTO Customer_currentSkinCare (Customer_id, currentSkinCare) VALUES (35, 'Maske');
INSERT INTO Customer_currentSkinCare (Customer_id, currentSkinCare) VALUES (35, 'Gesichtswasser');
INSERT INTO Customer_improvments (Customer_id, improvments) VALUES (35, 'Unreinheiten bekämpfen, überschüssiges Hautfett regulieren');
INSERT INTO Customer_improvments (Customer_id, improvments) VALUES (35, 'Haut um die Augen straffen, pflegen und Fältchen minimieren');
INSERT INTO Customer_sensitivities (Customer_id, sensitivities) VALUES (35, 'Nicht empfindlich');
INSERT INTO Customer_skinFeatures (Customer_id, skinFeatures) VALUES (35, 'Trockene Haut');
INSERT INTO Customer_skinFeatures (Customer_id, skinFeatures) VALUES (35, 'Fettige Haut');
INSERT INTO Customer (id, allergies, birthday, blemishes, city, forename, street, streetNumber, surname, zip) VALUES (36, 'Weizen', 'ACED00057372000D6A6176612E74696D652E536572955D84BA1B2248B20C00007870770703000007E2091E78', 1, 'Blub', 'Jennie', 'Straße', '14D', 'Musterfrau', 12020);
INSERT INTO Customer_currentSkinCare (Customer_id, currentSkinCare) VALUES (36, 'Maske');
INSERT INTO Customer_currentSkinCare (Customer_id, currentSkinCare) VALUES (36, 'Gesichtswasser');
INSERT INTO Customer_improvments (Customer_id, improvments) VALUES (36, 'Unreinheiten bekämpfen, überschüssiges Hautfett regulieren');
INSERT INTO Customer_improvments (Customer_id, improvments) VALUES (36, 'Haut um die Augen straffen, pflegen und Fältchen minimieren');
INSERT INTO Customer_sensitivities (Customer_id, sensitivities) VALUES (36, 'Nicht empfindlich');
INSERT INTO Customer_skinFeatures (Customer_id, skinFeatures) VALUES (36, 'Trockene Haut');
INSERT INTO Customer_skinFeatures (Customer_id, skinFeatures) VALUES (36, 'Fettige Haut');
INSERT INTO Customer (id, allergies, birthday, blemishes, city, forename, street, streetNumber, surname, zip) VALUES (37, 'Senf', 'ACED00057372000D6A6176612E74696D652E536572955D84BA1B2248B20C00007870770703000007E2091E78', 1, 'Berlüüün', 'Alexander', 'Straße', '14D', 'Mustermann', 12020);
INSERT INTO Customer_currentSkinCare (Customer_id, currentSkinCare) VALUES (37, 'Maske');
INSERT INTO Customer_currentSkinCare (Customer_id, currentSkinCare) VALUES (37, 'Gesichtswasser');
INSERT INTO Customer_improvments (Customer_id, improvments) VALUES (37, 'Unreinheiten bekämpfen, überschüssiges Hautfett regulieren');
INSERT INTO Customer_improvments (Customer_id, improvments) VALUES (37, 'Haut um die Augen straffen, pflegen und Fältchen minimieren');
INSERT INTO Customer_sensitivities (Customer_id, sensitivities) VALUES (37, 'Nicht empfindlich');
INSERT INTO Customer_skinFeatures (Customer_id, skinFeatures) VALUES (37, 'Trockene Haut');
INSERT INTO Customer_skinFeatures (Customer_id, skinFeatures) VALUES (37, 'Fettige Haut');
INSERT INTO Customer (id, allergies, birthday, blemishes, city, forename, street, streetNumber, surname, zip) VALUES (38, 'Senf', 'ACED00057372000D6A6176612E74696D652E536572955D84BA1B2248B20C00007870770703000007E2091E78', 0, 'Berlüüün', 'Bugs', 'Straße', '14D', 'Bunny', 12020);
INSERT INTO Customer_currentSkinCare (Customer_id, currentSkinCare) VALUES (38, 'Maske');
INSERT INTO Customer_currentSkinCare (Customer_id, currentSkinCare) VALUES (38, 'Gesichtswasser');
INSERT INTO Customer_improvments (Customer_id, improvments) VALUES (38, 'Unreinheiten bekämpfen, überschüssiges Hautfett regulieren');
INSERT INTO Customer_improvments (Customer_id, improvments) VALUES (38, 'Haut um die Augen straffen, pflegen und Fältchen minimieren');
INSERT INTO Customer_sensitivities (Customer_id, sensitivities) VALUES (38, 'Nicht empfindlich');
INSERT INTO Customer_skinFeatures (Customer_id, skinFeatures) VALUES (38, 'Trockene Haut');
INSERT INTO Customer_skinFeatures (Customer_id, skinFeatures) VALUES (38, 'Fettige Haut');
INSERT INTO Customer (id, allergies, birthday, blemishes, city, forename, street, streetNumber, surname, zip) VALUES (39, 'Erdnüsse', 'ACED00057372000D6A6176612E74696D652E536572955D84BA1B2248B20C00007870770703000007E2091E78', 1, 'Berlüüün', 'Daisy', 'Straße', '14D', 'Duck', 12020);
INSERT INTO Customer_currentSkinCare (Customer_id, currentSkinCare) VALUES (39, 'Maske');
INSERT INTO Customer_currentSkinCare (Customer_id, currentSkinCare) VALUES (39, 'Gesichtswasser');
INSERT INTO Customer_improvments (Customer_id, improvments) VALUES (39, 'Unreinheiten bekämpfen, überschüssiges Hautfett regulieren');
INSERT INTO Customer_improvments (Customer_id, improvments) VALUES (39, 'Haut um die Augen straffen, pflegen und Fältchen minimieren');
INSERT INTO Customer_sensitivities (Customer_id, sensitivities) VALUES (39, 'Nicht empfindlich');
INSERT INTO Customer_skinFeatures (Customer_id, skinFeatures) VALUES (39, 'Trockene Haut');
INSERT INTO Customer_skinFeatures (Customer_id, skinFeatures) VALUES (39, 'Fettige Haut');
INSERT INTO Customer (id, allergies, birthday, blemishes, city, forename, street, streetNumber, surname, zip) VALUES (40, 'Mais', 'ACED00057372000D6A6176612E74696D652E536572955D84BA1B2248B20C00007870770703000007E2091E78', 1, 'Berlüüün', 'Donald', 'Straße', '14D', 'Duck', 12020);
INSERT INTO Customer_currentSkinCare (Customer_id, currentSkinCare) VALUES (40, 'Maske');
INSERT INTO Customer_currentSkinCare (Customer_id, currentSkinCare) VALUES (40, 'Gesichtswasser');
INSERT INTO Customer_improvments (Customer_id, improvments) VALUES (40, 'Unreinheiten bekämpfen, überschüssiges Hautfett regulieren');
INSERT INTO Customer_improvments (Customer_id, improvments) VALUES (40, 'Haut um die Augen straffen, pflegen und Fältchen minimieren');
INSERT INTO Customer_sensitivities (Customer_id, sensitivities) VALUES (40, 'Nicht empfindlich');
INSERT INTO Customer_skinFeatures (Customer_id, skinFeatures) VALUES (40, 'Trockene Haut');
INSERT INTO Customer_skinFeatures (Customer_id, skinFeatures) VALUES (40, 'Fettige Haut');
INSERT INTO Customer (id, allergies, birthday, blemishes, city, forename, street, streetNumber, surname, zip) VALUES (41, 'Soja', 'ACED00057372000D6A6176612E74696D652E536572955D84BA1B2248B20C00007870770703000007E2091E78', 1, 'Berlüüün', 'Nina', 'Straße', '14D', 'Hagen', 12020);
INSERT INTO Customer_currentSkinCare (Customer_id, currentSkinCare) VALUES (41, 'Maske');
INSERT INTO Customer_currentSkinCare (Customer_id, currentSkinCare) VALUES (41, 'Gesichtswasser');
INSERT INTO Customer_improvments (Customer_id, improvments) VALUES (41, 'Unreinheiten bekämpfen, überschüssiges Hautfett regulieren');
INSERT INTO Customer_improvments (Customer_id, improvments) VALUES (41, 'Haut um die Augen straffen, pflegen und Fältchen minimieren');
INSERT INTO Customer_sensitivities (Customer_id, sensitivities) VALUES (41, 'Nicht empfindlich');
INSERT INTO Customer_skinFeatures (Customer_id, skinFeatures) VALUES (41, 'Trockene Haut');
INSERT INTO Customer_skinFeatures (Customer_id, skinFeatures) VALUES (41, 'Fettige Haut');
INSERT INTO Customer (id, allergies, birthday, blemishes, city, forename, street, streetNumber, surname, zip) VALUES (42, 'Weizen', 'ACED00057372000D6A6176612E74696D652E536572955D84BA1B2248B20C00007870770703000007E2091E78', 1, 'Blub', 'Jennie', 'Straße', '14D', 'Musterfrau', 12020);
INSERT INTO Customer_currentSkinCare (Customer_id, currentSkinCare) VALUES (42, 'Maske');
INSERT INTO Customer_currentSkinCare (Customer_id, currentSkinCare) VALUES (42, 'Gesichtswasser');
INSERT INTO Customer_improvments (Customer_id, improvments) VALUES (42, 'Unreinheiten bekämpfen, überschüssiges Hautfett regulieren');
INSERT INTO Customer_improvments (Customer_id, improvments) VALUES (42, 'Haut um die Augen straffen, pflegen und Fältchen minimieren');
INSERT INTO Customer_sensitivities (Customer_id, sensitivities) VALUES (42, 'Nicht empfindlich');
INSERT INTO Customer_skinFeatures (Customer_id, skinFeatures) VALUES (42, 'Trockene Haut');
INSERT INTO Customer_skinFeatures (Customer_id, skinFeatures) VALUES (42, 'Fettige Haut');
INSERT INTO Customer (id, allergies, birthday, blemishes, city, forename, street, streetNumber, surname, zip) VALUES (43, 'Senf', 'ACED00057372000D6A6176612E74696D652E536572955D84BA1B2248B20C00007870770703000007E2091E78', 1, 'Berlüüün', 'Alexander', 'Straße', '14D', 'Mustermann', 12020);
INSERT INTO Customer_currentSkinCare (Customer_id, currentSkinCare) VALUES (43, 'Maske');
INSERT INTO Customer_currentSkinCare (Customer_id, currentSkinCare) VALUES (43, 'Gesichtswasser');
INSERT INTO Customer_improvments (Customer_id, improvments) VALUES (43, 'Unreinheiten bekämpfen, überschüssiges Hautfett regulieren');
INSERT INTO Customer_improvments (Customer_id, improvments) VALUES (43, 'Haut um die Augen straffen, pflegen und Fältchen minimieren');
INSERT INTO Customer_sensitivities (Customer_id, sensitivities) VALUES (43, 'Nicht empfindlich');
INSERT INTO Customer_skinFeatures (Customer_id, skinFeatures) VALUES (43, 'Trockene Haut');
INSERT INTO Customer_skinFeatures (Customer_id, skinFeatures) VALUES (43, 'Fettige Haut');
INSERT INTO Customer (id, allergies, birthday, blemishes, city, forename, street, streetNumber, surname, zip) VALUES (44, 'Senf', 'ACED00057372000D6A6176612E74696D652E536572955D84BA1B2248B20C00007870770703000007E2091E78', 0, 'Berlüüün', 'Bugs', 'Straße', '14D', 'Bunny', 12020);
INSERT INTO Customer_currentSkinCare (Customer_id, currentSkinCare) VALUES (44, 'Maske');
INSERT INTO Customer_currentSkinCare (Customer_id, currentSkinCare) VALUES (44, 'Gesichtswasser');
INSERT INTO Customer_improvments (Customer_id, improvments) VALUES (44, 'Unreinheiten bekämpfen, überschüssiges Hautfett regulieren');
INSERT INTO Customer_improvments (Customer_id, improvments) VALUES (44, 'Haut um die Augen straffen, pflegen und Fältchen minimieren');
INSERT INTO Customer_sensitivities (Customer_id, sensitivities) VALUES (44, 'Nicht empfindlich');
INSERT INTO Customer_skinFeatures (Customer_id, skinFeatures) VALUES (44, 'Trockene Haut');
INSERT INTO Customer_skinFeatures (Customer_id, skinFeatures) VALUES (44, 'Fettige Haut');
INSERT INTO Customer (id, allergies, birthday, blemishes, city, forename, street, streetNumber, surname, zip) VALUES (45, 'Erdnüsse', 'ACED00057372000D6A6176612E74696D652E536572955D84BA1B2248B20C00007870770703000007E2091E78', 1, 'Berlüüün', 'Daisy', 'Straße', '14D', 'Duck', 12020);
INSERT INTO Customer_currentSkinCare (Customer_id, currentSkinCare) VALUES (45, 'Maske');
INSERT INTO Customer_currentSkinCare (Customer_id, currentSkinCare) VALUES (45, 'Gesichtswasser');
INSERT INTO Customer_improvments (Customer_id, improvments) VALUES (45, 'Unreinheiten bekämpfen, überschüssiges Hautfett regulieren');
INSERT INTO Customer_improvments (Customer_id, improvments) VALUES (45, 'Haut um die Augen straffen, pflegen und Fältchen minimieren');
INSERT INTO Customer_sensitivities (Customer_id, sensitivities) VALUES (45, 'Nicht empfindlich');
INSERT INTO Customer_skinFeatures (Customer_id, skinFeatures) VALUES (45, 'Trockene Haut');
INSERT INTO Customer_skinFeatures (Customer_id, skinFeatures) VALUES (45, 'Fettige Haut');
INSERT INTO Customer (id, allergies, birthday, blemishes, city, forename, street, streetNumber, surname, zip) VALUES (46, 'Mais', 'ACED00057372000D6A6176612E74696D652E536572955D84BA1B2248B20C00007870770703000007E2091E78', 1, 'Berlüüün', 'Donald', 'Straße', '14D', 'Duck', 12020);
INSERT INTO Customer_currentSkinCare (Customer_id, currentSkinCare) VALUES (46, 'Maske');
INSERT INTO Customer_currentSkinCare (Customer_id, currentSkinCare) VALUES (46, 'Gesichtswasser');
INSERT INTO Customer_improvments (Customer_id, improvments) VALUES (46, 'Unreinheiten bekämpfen, überschüssiges Hautfett regulieren');
INSERT INTO Customer_improvments (Customer_id, improvments) VALUES (46, 'Haut um die Augen straffen, pflegen und Fältchen minimieren');
INSERT INTO Customer_sensitivities (Customer_id, sensitivities) VALUES (46, 'Nicht empfindlich');
INSERT INTO Customer_skinFeatures (Customer_id, skinFeatures) VALUES (46, 'Trockene Haut');
INSERT INTO Customer_skinFeatures (Customer_id, skinFeatures) VALUES (46, 'Fettige Haut');
INSERT INTO Customer (id, allergies, birthday, blemishes, city, forename, street, streetNumber, surname, zip) VALUES (47, 'Soja', 'ACED00057372000D6A6176612E74696D652E536572955D84BA1B2248B20C00007870770703000007E2091E78', 1, 'Berlüüün', 'Nina', 'Straße', '14D', 'Hagen', 12020);
INSERT INTO Customer_currentSkinCare (Customer_id, currentSkinCare) VALUES (47, 'Maske');
INSERT INTO Customer_currentSkinCare (Customer_id, currentSkinCare) VALUES (47, 'Gesichtswasser');
INSERT INTO Customer_improvments (Customer_id, improvments) VALUES (47, 'Unreinheiten bekämpfen, überschüssiges Hautfett regulieren');
INSERT INTO Customer_improvments (Customer_id, improvments) VALUES (47, 'Haut um die Augen straffen, pflegen und Fältchen minimieren');
INSERT INTO Customer_sensitivities (Customer_id, sensitivities) VALUES (47, 'Nicht empfindlich');
INSERT INTO Customer_skinFeatures (Customer_id, skinFeatures) VALUES (47, 'Trockene Haut');
INSERT INTO Customer_skinFeatures (Customer_id, skinFeatures) VALUES (47, 'Fettige Haut');
INSERT INTO Customer (id, allergies, birthday, blemishes, city, forename, street, streetNumber, surname, zip) VALUES (48, 'Weizen', 'ACED00057372000D6A6176612E74696D652E536572955D84BA1B2248B20C00007870770703000007E2091E78', 1, 'Blub', 'Jennie', 'Straße', '14D', 'Musterfrau', 12020);
INSERT INTO Customer_currentSkinCare (Customer_id, currentSkinCare) VALUES (48, 'Maske');
INSERT INTO Customer_currentSkinCare (Customer_id, currentSkinCare) VALUES (48, 'Gesichtswasser');
INSERT INTO Customer_improvments (Customer_id, improvments) VALUES (48, 'Unreinheiten bekämpfen, überschüssiges Hautfett regulieren');
INSERT INTO Customer_improvments (Customer_id, improvments) VALUES (48, 'Haut um die Augen straffen, pflegen und Fältchen minimieren');
INSERT INTO Customer_sensitivities (Customer_id, sensitivities) VALUES (48, 'Nicht empfindlich');
INSERT INTO Customer_skinFeatures (Customer_id, skinFeatures) VALUES (48, 'Trockene Haut');
INSERT INTO Customer_skinFeatures (Customer_id, skinFeatures) VALUES (48, 'Fettige Haut');
INSERT INTO Customer (id, allergies, birthday, blemishes, city, forename, street, streetNumber, surname, zip) VALUES (49, 'Senf', 'ACED00057372000D6A6176612E74696D652E536572955D84BA1B2248B20C00007870770703000007E2091E78', 1, 'Berlüüün', 'Alexander', 'Straße', '14D', 'Mustermann', 12020);
INSERT INTO Customer_currentSkinCare (Customer_id, currentSkinCare) VALUES (49, 'Maske');
INSERT INTO Customer_currentSkinCare (Customer_id, currentSkinCare) VALUES (49, 'Gesichtswasser');
INSERT INTO Customer_improvments (Customer_id, improvments) VALUES (49, 'Unreinheiten bekämpfen, überschüssiges Hautfett regulieren');
INSERT INTO Customer_improvments (Customer_id, improvments) VALUES (49, 'Haut um die Augen straffen, pflegen und Fältchen minimieren');
INSERT INTO Customer_sensitivities (Customer_id, sensitivities) VALUES (49, 'Nicht empfindlich');
INSERT INTO Customer_skinFeatures (Customer_id, skinFeatures) VALUES (49, 'Trockene Haut');
INSERT INTO Customer_skinFeatures (Customer_id, skinFeatures) VALUES (49, 'Fettige Haut');
INSERT INTO Customer (id, allergies, birthday, blemishes, city, forename, street, streetNumber, surname, zip) VALUES (50, 'Senf', 'ACED00057372000D6A6176612E74696D652E536572955D84BA1B2248B20C00007870770703000007E2091E78', 0, 'Berlüüün', 'Bugs', 'Straße', '14D', 'Bunny', 12020);
INSERT INTO Customer_currentSkinCare (Customer_id, currentSkinCare) VALUES (50, 'Maske');
INSERT INTO Customer_currentSkinCare (Customer_id, currentSkinCare) VALUES (50, 'Gesichtswasser');
INSERT INTO Customer_improvments (Customer_id, improvments) VALUES (50, 'Unreinheiten bekämpfen, überschüssiges Hautfett regulieren');
INSERT INTO Customer_improvments (Customer_id, improvments) VALUES (50, 'Haut um die Augen straffen, pflegen und Fältchen minimieren');
INSERT INTO Customer_sensitivities (Customer_id, sensitivities) VALUES (50, 'Nicht empfindlich');
INSERT INTO Customer_skinFeatures (Customer_id, skinFeatures) VALUES (50, 'Trockene Haut');
INSERT INTO Customer_skinFeatures (Customer_id, skinFeatures) VALUES (50, 'Fettige Haut');
INSERT INTO Customer (id, allergies, birthday, blemishes, city, forename, street, streetNumber, surname, zip) VALUES (51, 'Erdnüsse', 'ACED00057372000D6A6176612E74696D652E536572955D84BA1B2248B20C00007870770703000007E2091E78', 1, 'Berlüüün', 'Daisy', 'Straße', '14D', 'Duck', 12020);
INSERT INTO Customer_currentSkinCare (Customer_id, currentSkinCare) VALUES (51, 'Maske');
INSERT INTO Customer_currentSkinCare (Customer_id, currentSkinCare) VALUES (51, 'Gesichtswasser');
INSERT INTO Customer_improvments (Customer_id, improvments) VALUES (51, 'Unreinheiten bekämpfen, überschüssiges Hautfett regulieren');
INSERT INTO Customer_improvments (Customer_id, improvments) VALUES (51, 'Haut um die Augen straffen, pflegen und Fältchen minimieren');
INSERT INTO Customer_sensitivities (Customer_id, sensitivities) VALUES (51, 'Nicht empfindlich');
INSERT INTO Customer_skinFeatures (Customer_id, skinFeatures) VALUES (51, 'Trockene Haut');
INSERT INTO Customer_skinFeatures (Customer_id, skinFeatures) VALUES (51, 'Fettige Haut');
INSERT INTO Customer (id, allergies, birthday, blemishes, city, forename, street, streetNumber, surname, zip) VALUES (52, 'Mais', 'ACED00057372000D6A6176612E74696D652E536572955D84BA1B2248B20C00007870770703000007E2091E78', 1, 'Berlüüün', 'Donald', 'Straße', '14D', 'Duck', 12020);
INSERT INTO Customer_currentSkinCare (Customer_id, currentSkinCare) VALUES (52, 'Maske');
INSERT INTO Customer_currentSkinCare (Customer_id, currentSkinCare) VALUES (52, 'Gesichtswasser');
INSERT INTO Customer_improvments (Customer_id, improvments) VALUES (52, 'Unreinheiten bekämpfen, überschüssiges Hautfett regulieren');
INSERT INTO Customer_improvments (Customer_id, improvments) VALUES (52, 'Haut um die Augen straffen, pflegen und Fältchen minimieren');
INSERT INTO Customer_sensitivities (Customer_id, sensitivities) VALUES (52, 'Nicht empfindlich');
INSERT INTO Customer_skinFeatures (Customer_id, skinFeatures) VALUES (52, 'Trockene Haut');
INSERT INTO Customer_skinFeatures (Customer_id, skinFeatures) VALUES (52, 'Fettige Haut');
INSERT INTO Customer (id, allergies, birthday, blemishes, city, forename, street, streetNumber, surname, zip) VALUES (53, 'Soja', 'ACED00057372000D6A6176612E74696D652E536572955D84BA1B2248B20C00007870770703000007E2091E78', 1, 'Berlüüün', 'Nina', 'Straße', '14D', 'Hagen', 12020);
INSERT INTO Customer_currentSkinCare (Customer_id, currentSkinCare) VALUES (53, 'Maske');
INSERT INTO Customer_currentSkinCare (Customer_id, currentSkinCare) VALUES (53, 'Gesichtswasser');
INSERT INTO Customer_improvments (Customer_id, improvments) VALUES (53, 'Unreinheiten bekämpfen, überschüssiges Hautfett regulieren');
INSERT INTO Customer_improvments (Customer_id, improvments) VALUES (53, 'Haut um die Augen straffen, pflegen und Fältchen minimieren');
INSERT INTO Customer_sensitivities (Customer_id, sensitivities) VALUES (53, 'Nicht empfindlich');
INSERT INTO Customer_skinFeatures (Customer_id, skinFeatures) VALUES (53, 'Trockene Haut');
INSERT INTO Customer_skinFeatures (Customer_id, skinFeatures) VALUES (53, 'Fettige Haut');
INSERT INTO Customer (id, allergies, birthday, blemishes, city, forename, street, streetNumber, surname, zip) VALUES (54, 'Weizen', 'ACED00057372000D6A6176612E74696D652E536572955D84BA1B2248B20C00007870770703000007E2091E78', 1, 'Blub', 'Jennie', 'Straße', '14D', 'Musterfrau', 12020);
INSERT INTO Customer_currentSkinCare (Customer_id, currentSkinCare) VALUES (54, 'Maske');
INSERT INTO Customer_currentSkinCare (Customer_id, currentSkinCare) VALUES (54, 'Gesichtswasser');
INSERT INTO Customer_improvments (Customer_id, improvments) VALUES (54, 'Unreinheiten bekämpfen, überschüssiges Hautfett regulieren');
INSERT INTO Customer_improvments (Customer_id, improvments) VALUES (54, 'Haut um die Augen straffen, pflegen und Fältchen minimieren');
INSERT INTO Customer_sensitivities (Customer_id, sensitivities) VALUES (54, 'Nicht empfindlich');
INSERT INTO Customer_skinFeatures (Customer_id, skinFeatures) VALUES (54, 'Trockene Haut');
INSERT INTO Customer_skinFeatures (Customer_id, skinFeatures) VALUES (54, 'Fettige Haut');
INSERT INTO Customer (id, allergies, birthday, blemishes, city, forename, street, streetNumber, surname, zip) VALUES (55, 'Senf', 'ACED00057372000D6A6176612E74696D652E536572955D84BA1B2248B20C00007870770703000007E2091E78', 1, 'Berlüüün', 'Alexander', 'Straße', '14D', 'Mustermann', 12020);
INSERT INTO Customer_currentSkinCare (Customer_id, currentSkinCare) VALUES (55, 'Maske');
INSERT INTO Customer_currentSkinCare (Customer_id, currentSkinCare) VALUES (55, 'Gesichtswasser');
INSERT INTO Customer_improvments (Customer_id, improvments) VALUES (55, 'Unreinheiten bekämpfen, überschüssiges Hautfett regulieren');
INSERT INTO Customer_improvments (Customer_id, improvments) VALUES (55, 'Haut um die Augen straffen, pflegen und Fältchen minimieren');
INSERT INTO Customer_sensitivities (Customer_id, sensitivities) VALUES (55, 'Nicht empfindlich');
INSERT INTO Customer_skinFeatures (Customer_id, skinFeatures) VALUES (55, 'Trockene Haut');
INSERT INTO Customer_skinFeatures (Customer_id, skinFeatures) VALUES (55, 'Fettige Haut');
INSERT INTO Customer (id, allergies, birthday, blemishes, city, forename, street, streetNumber, surname, zip) VALUES (56, 'Senf', 'ACED00057372000D6A6176612E74696D652E536572955D84BA1B2248B20C00007870770703000007E2091E78', 0, 'Berlüüün', 'Bugs', 'Straße', '14D', 'Bunny', 12020);
INSERT INTO Customer_currentSkinCare (Customer_id, currentSkinCare) VALUES (56, 'Maske');
INSERT INTO Customer_currentSkinCare (Customer_id, currentSkinCare) VALUES (56, 'Gesichtswasser');
INSERT INTO Customer_improvments (Customer_id, improvments) VALUES (56, 'Unreinheiten bekämpfen, überschüssiges Hautfett regulieren');
INSERT INTO Customer_improvments (Customer_id, improvments) VALUES (56, 'Haut um die Augen straffen, pflegen und Fältchen minimieren');
INSERT INTO Customer_sensitivities (Customer_id, sensitivities) VALUES (56, 'Nicht empfindlich');
INSERT INTO Customer_skinFeatures (Customer_id, skinFeatures) VALUES (56, 'Trockene Haut');
INSERT INTO Customer_skinFeatures (Customer_id, skinFeatures) VALUES (56, 'Fettige Haut');
INSERT INTO Customer (id, allergies, birthday, blemishes, city, forename, street, streetNumber, surname, zip) VALUES (57, 'Erdnüsse', 'ACED00057372000D6A6176612E74696D652E536572955D84BA1B2248B20C00007870770703000007E2091E78', 1, 'Berlüüün', 'Daisy', 'Straße', '14D', 'Duck', 12020);
INSERT INTO Customer_currentSkinCare (Customer_id, currentSkinCare) VALUES (57, 'Maske');
INSERT INTO Customer_currentSkinCare (Customer_id, currentSkinCare) VALUES (57, 'Gesichtswasser');
INSERT INTO Customer_improvments (Customer_id, improvments) VALUES (57, 'Unreinheiten bekämpfen, überschüssiges Hautfett regulieren');
INSERT INTO Customer_improvments (Customer_id, improvments) VALUES (57, 'Haut um die Augen straffen, pflegen und Fältchen minimieren');
INSERT INTO Customer_sensitivities (Customer_id, sensitivities) VALUES (57, 'Nicht empfindlich');
INSERT INTO Customer_skinFeatures (Customer_id, skinFeatures) VALUES (57, 'Trockene Haut');
INSERT INTO Customer_skinFeatures (Customer_id, skinFeatures) VALUES (57, 'Fettige Haut');
INSERT INTO Customer (id, allergies, birthday, blemishes, city, forename, street, streetNumber, surname, zip) VALUES (58, 'Mais', 'ACED00057372000D6A6176612E74696D652E536572955D84BA1B2248B20C00007870770703000007E2091E78', 1, 'Berlüüün', 'Donald', 'Straße', '14D', 'Duck', 12020);
INSERT INTO Customer_currentSkinCare (Customer_id, currentSkinCare) VALUES (58, 'Maske');
INSERT INTO Customer_currentSkinCare (Customer_id, currentSkinCare) VALUES (58, 'Gesichtswasser');
INSERT INTO Customer_improvments (Customer_id, improvments) VALUES (58, 'Unreinheiten bekämpfen, überschüssiges Hautfett regulieren');
INSERT INTO Customer_improvments (Customer_id, improvments) VALUES (58, 'Haut um die Augen straffen, pflegen und Fältchen minimieren');
INSERT INTO Customer_sensitivities (Customer_id, sensitivities) VALUES (58, 'Nicht empfindlich');
INSERT INTO Customer_skinFeatures (Customer_id, skinFeatures) VALUES (58, 'Trockene Haut');
INSERT INTO Customer_skinFeatures (Customer_id, skinFeatures) VALUES (58, 'Fettige Haut');
INSERT INTO Customer (id, allergies, birthday, blemishes, city, forename, street, streetNumber, surname, zip) VALUES (59, 'Soja', 'ACED00057372000D6A6176612E74696D652E536572955D84BA1B2248B20C00007870770703000007E2091E78', 1, 'Berlüüün', 'Nina', 'Straße', '14D', 'Hagen', 12020);
INSERT INTO Customer_currentSkinCare (Customer_id, currentSkinCare) VALUES (59, 'Maske');
INSERT INTO Customer_currentSkinCare (Customer_id, currentSkinCare) VALUES (59, 'Gesichtswasser');
INSERT INTO Customer_improvments (Customer_id, improvments) VALUES (59, 'Unreinheiten bekämpfen, überschüssiges Hautfett regulieren');
INSERT INTO Customer_improvments (Customer_id, improvments) VALUES (59, 'Haut um die Augen straffen, pflegen und Fältchen minimieren');
INSERT INTO Customer_sensitivities (Customer_id, sensitivities) VALUES (59, 'Nicht empfindlich');
INSERT INTO Customer_skinFeatures (Customer_id, skinFeatures) VALUES (59, 'Trockene Haut');
INSERT INTO Customer_skinFeatures (Customer_id, skinFeatures) VALUES (59, 'Fettige Haut');
INSERT INTO Customer (id, allergies, birthday, blemishes, city, forename, street, streetNumber, surname, zip) VALUES (60, 'Weizen', 'ACED00057372000D6A6176612E74696D652E536572955D84BA1B2248B20C00007870770703000007E2091E78', 1, 'Blub', 'Jennie', 'Straße', '14D', 'Musterfrau', 12020);
INSERT INTO Customer_currentSkinCare (Customer_id, currentSkinCare) VALUES (60, 'Maske');
INSERT INTO Customer_currentSkinCare (Customer_id, currentSkinCare) VALUES (60, 'Gesichtswasser');
INSERT INTO Customer_improvments (Customer_id, improvments) VALUES (60, 'Unreinheiten bekämpfen, überschüssiges Hautfett regulieren');
INSERT INTO Customer_improvments (Customer_id, improvments) VALUES (60, 'Haut um die Augen straffen, pflegen und Fältchen minimieren');
INSERT INTO Customer_sensitivities (Customer_id, sensitivities) VALUES (60, 'Nicht empfindlich');
INSERT INTO Customer_skinFeatures (Customer_id, skinFeatures) VALUES (60, 'Trockene Haut');
INSERT INTO Customer_skinFeatures (Customer_id, skinFeatures) VALUES (60, 'Fettige Haut');
INSERT INTO Customer (id, allergies, birthday, blemishes, city, forename, street, streetNumber, surname, zip) VALUES (61, 'Senf', 'ACED00057372000D6A6176612E74696D652E536572955D84BA1B2248B20C00007870770703000007E2091E78', 1, 'Berlüüün', 'Alexander', 'Straße', '14D', 'Mustermann', 12020);
INSERT INTO Customer_currentSkinCare (Customer_id, currentSkinCare) VALUES (61, 'Maske');
INSERT INTO Customer_currentSkinCare (Customer_id, currentSkinCare) VALUES (61, 'Gesichtswasser');
INSERT INTO Customer_improvments (Customer_id, improvments) VALUES (61, 'Unreinheiten bekämpfen, überschüssiges Hautfett regulieren');
INSERT INTO Customer_improvments (Customer_id, improvments) VALUES (61, 'Haut um die Augen straffen, pflegen und Fältchen minimieren');
INSERT INTO Customer_sensitivities (Customer_id, sensitivities) VALUES (61, 'Nicht empfindlich');
INSERT INTO Customer_skinFeatures (Customer_id, skinFeatures) VALUES (61, 'Trockene Haut');
INSERT INTO Customer_skinFeatures (Customer_id, skinFeatures) VALUES (61, 'Fettige Haut');
INSERT INTO Customer (id, allergies, birthday, blemishes, city, forename, street, streetNumber, surname, zip) VALUES (62, 'Senf', 'ACED00057372000D6A6176612E74696D652E536572955D84BA1B2248B20C00007870770703000007E2091E78', 0, 'Berlüüün', 'Bugs', 'Straße', '14D', 'Bunny', 12020);
INSERT INTO Customer_currentSkinCare (Customer_id, currentSkinCare) VALUES (62, 'Maske');
INSERT INTO Customer_currentSkinCare (Customer_id, currentSkinCare) VALUES (62, 'Gesichtswasser');
INSERT INTO Customer_improvments (Customer_id, improvments) VALUES (62, 'Unreinheiten bekämpfen, überschüssiges Hautfett regulieren');
INSERT INTO Customer_improvments (Customer_id, improvments) VALUES (62, 'Haut um die Augen straffen, pflegen und Fältchen minimieren');
INSERT INTO Customer_sensitivities (Customer_id, sensitivities) VALUES (62, 'Nicht empfindlich');
INSERT INTO Customer_skinFeatures (Customer_id, skinFeatures) VALUES (62, 'Trockene Haut');
INSERT INTO Customer_skinFeatures (Customer_id, skinFeatures) VALUES (62, 'Fettige Haut');
INSERT INTO Customer (id, allergies, birthday, blemishes, city, forename, street, streetNumber, surname, zip) VALUES (63, 'Erdnüsse', 'ACED00057372000D6A6176612E74696D652E536572955D84BA1B2248B20C00007870770703000007E2091E78', 1, 'Berlüüün', 'Daisy', 'Straße', '14D', 'Duck', 12020);
INSERT INTO Customer_currentSkinCare (Customer_id, currentSkinCare) VALUES (63, 'Maske');
INSERT INTO Customer_currentSkinCare (Customer_id, currentSkinCare) VALUES (63, 'Gesichtswasser');
INSERT INTO Customer_improvments (Customer_id, improvments) VALUES (63, 'Unreinheiten bekämpfen, überschüssiges Hautfett regulieren');
INSERT INTO Customer_improvments (Customer_id, improvments) VALUES (63, 'Haut um die Augen straffen, pflegen und Fältchen minimieren');
INSERT INTO Customer_sensitivities (Customer_id, sensitivities) VALUES (63, 'Nicht empfindlich');
INSERT INTO Customer_skinFeatures (Customer_id, skinFeatures) VALUES (63, 'Trockene Haut');
INSERT INTO Customer_skinFeatures (Customer_id, skinFeatures) VALUES (63, 'Fettige Haut');
INSERT INTO Customer (id, allergies, birthday, blemishes, city, forename, street, streetNumber, surname, zip) VALUES (64, 'Mais', 'ACED00057372000D6A6176612E74696D652E536572955D84BA1B2248B20C00007870770703000007E2091E78', 1, 'Berlüüün', 'Donald', 'Straße', '14D', 'Duck', 12020);
INSERT INTO Customer_currentSkinCare (Customer_id, currentSkinCare) VALUES (64, 'Maske');
INSERT INTO Customer_currentSkinCare (Customer_id, currentSkinCare) VALUES (64, 'Gesichtswasser');
INSERT INTO Customer_improvments (Customer_id, improvments) VALUES (64, 'Unreinheiten bekämpfen, überschüssiges Hautfett regulieren');
INSERT INTO Customer_improvments (Customer_id, improvments) VALUES (64, 'Haut um die Augen straffen, pflegen und Fältchen minimieren');
INSERT INTO Customer_sensitivities (Customer_id, sensitivities) VALUES (64, 'Nicht empfindlich');
INSERT INTO Customer_skinFeatures (Customer_id, skinFeatures) VALUES (64, 'Trockene Haut');
INSERT INTO Customer_skinFeatures (Customer_id, skinFeatures) VALUES (64, 'Fettige Haut');
INSERT INTO Customer (id, allergies, birthday, blemishes, city, forename, street, streetNumber, surname, zip) VALUES (65, 'Soja', 'ACED00057372000D6A6176612E74696D652E536572955D84BA1B2248B20C00007870770703000007E2091E78', 1, 'Berlüüün', 'Nina', 'Straße', '14D', 'Hagen', 12020);
INSERT INTO Customer_currentSkinCare (Customer_id, currentSkinCare) VALUES (65, 'Maske');
INSERT INTO Customer_currentSkinCare (Customer_id, currentSkinCare) VALUES (65, 'Gesichtswasser');
INSERT INTO Customer_improvments (Customer_id, improvments) VALUES (65, 'Unreinheiten bekämpfen, überschüssiges Hautfett regulieren');
INSERT INTO Customer_improvments (Customer_id, improvments) VALUES (65, 'Haut um die Augen straffen, pflegen und Fältchen minimieren');
INSERT INTO Customer_sensitivities (Customer_id, sensitivities) VALUES (65, 'Nicht empfindlich');
INSERT INTO Customer_skinFeatures (Customer_id, skinFeatures) VALUES (65, 'Trockene Haut');
INSERT INTO Customer_skinFeatures (Customer_id, skinFeatures) VALUES (65, 'Fettige Haut');
INSERT INTO Customer (id, allergies, birthday, blemishes, city, forename, street, streetNumber, surname, zip) VALUES (66, 'Weizen', 'ACED00057372000D6A6176612E74696D652E536572955D84BA1B2248B20C00007870770703000007E2091E78', 1, 'Blub', 'Jennie', 'Straße', '14D', 'Musterfrau', 12020);
INSERT INTO Customer_currentSkinCare (Customer_id, currentSkinCare) VALUES (66, 'Maske');
INSERT INTO Customer_currentSkinCare (Customer_id, currentSkinCare) VALUES (66, 'Gesichtswasser');
INSERT INTO Customer_improvments (Customer_id, improvments) VALUES (66, 'Unreinheiten bekämpfen, überschüssiges Hautfett regulieren');
INSERT INTO Customer_improvments (Customer_id, improvments) VALUES (66, 'Haut um die Augen straffen, pflegen und Fältchen minimieren');
INSERT INTO Customer_sensitivities (Customer_id, sensitivities) VALUES (66, 'Nicht empfindlich');
INSERT INTO Customer_skinFeatures (Customer_id, skinFeatures) VALUES (66, 'Trockene Haut');
INSERT INTO Customer_skinFeatures (Customer_id, skinFeatures) VALUES (66, 'Fettige Haut');
INSERT INTO Customer (id, allergies, birthday, blemishes, city, forename, street, streetNumber, surname, zip) VALUES (67, 'Senf', 'ACED00057372000D6A6176612E74696D652E536572955D84BA1B2248B20C00007870770703000007E2091E78', 1, 'Berlüüün', 'Alexander', 'Straße', '14D', 'Mustermann', 12020);
INSERT INTO Customer_currentSkinCare (Customer_id, currentSkinCare) VALUES (67, 'Maske');
INSERT INTO Customer_currentSkinCare (Customer_id, currentSkinCare) VALUES (67, 'Gesichtswasser');
INSERT INTO Customer_improvments (Customer_id, improvments) VALUES (67, 'Unreinheiten bekämpfen, überschüssiges Hautfett regulieren');
INSERT INTO Customer_improvments (Customer_id, improvments) VALUES (67, 'Haut um die Augen straffen, pflegen und Fältchen minimieren');
INSERT INTO Customer_sensitivities (Customer_id, sensitivities) VALUES (67, 'Nicht empfindlich');
INSERT INTO Customer_skinFeatures (Customer_id, skinFeatures) VALUES (67, 'Trockene Haut');
INSERT INTO Customer_skinFeatures (Customer_id, skinFeatures) VALUES (67, 'Fettige Haut');
INSERT INTO Customer (id, allergies, birthday, blemishes, city, forename, street, streetNumber, surname, zip) VALUES (68, 'Senf', 'ACED00057372000D6A6176612E74696D652E536572955D84BA1B2248B20C00007870770703000007E2091E78', 0, 'Berlüüün', 'Bugs', 'Straße', '14D', 'Bunny', 12020);
INSERT INTO Customer_currentSkinCare (Customer_id, currentSkinCare) VALUES (68, 'Maske');
INSERT INTO Customer_currentSkinCare (Customer_id, currentSkinCare) VALUES (68, 'Gesichtswasser');
INSERT INTO Customer_improvments (Customer_id, improvments) VALUES (68, 'Unreinheiten bekämpfen, überschüssiges Hautfett regulieren');
INSERT INTO Customer_improvments (Customer_id, improvments) VALUES (68, 'Haut um die Augen straffen, pflegen und Fältchen minimieren');
INSERT INTO Customer_sensitivities (Customer_id, sensitivities) VALUES (68, 'Nicht empfindlich');
INSERT INTO Customer_skinFeatures (Customer_id, skinFeatures) VALUES (68, 'Trockene Haut');
INSERT INTO Customer_skinFeatures (Customer_id, skinFeatures) VALUES (68, 'Fettige Haut');
INSERT INTO Customer (id, allergies, birthday, blemishes, city, forename, street, streetNumber, surname, zip) VALUES (69, 'Erdnüsse', 'ACED00057372000D6A6176612E74696D652E536572955D84BA1B2248B20C00007870770703000007E2091E78', 1, 'Berlüüün', 'Daisy', 'Straße', '14D', 'Duck', 12020);
INSERT INTO Customer_currentSkinCare (Customer_id, currentSkinCare) VALUES (69, 'Maske');
INSERT INTO Customer_currentSkinCare (Customer_id, currentSkinCare) VALUES (69, 'Gesichtswasser');
INSERT INTO Customer_improvments (Customer_id, improvments) VALUES (69, 'Unreinheiten bekämpfen, überschüssiges Hautfett regulieren');
INSERT INTO Customer_improvments (Customer_id, improvments) VALUES (69, 'Haut um die Augen straffen, pflegen und Fältchen minimieren');
INSERT INTO Customer_sensitivities (Customer_id, sensitivities) VALUES (69, 'Nicht empfindlich');
INSERT INTO Customer_skinFeatures (Customer_id, skinFeatures) VALUES (69, 'Trockene Haut');
INSERT INTO Customer_skinFeatures (Customer_id, skinFeatures) VALUES (69, 'Fettige Haut');
INSERT INTO Customer (id, allergies, birthday, blemishes, city, forename, street, streetNumber, surname, zip) VALUES (70, 'Mais', 'ACED00057372000D6A6176612E74696D652E536572955D84BA1B2248B20C00007870770703000007E2091E78', 1, 'Berlüüün', 'Donald', 'Straße', '14D', 'Duck', 12020);
INSERT INTO Customer_currentSkinCare (Customer_id, currentSkinCare) VALUES (70, 'Maske');
INSERT INTO Customer_currentSkinCare (Customer_id, currentSkinCare) VALUES (70, 'Gesichtswasser');
INSERT INTO Customer_improvments (Customer_id, improvments) VALUES (70, 'Unreinheiten bekämpfen, überschüssiges Hautfett regulieren');
INSERT INTO Customer_improvments (Customer_id, improvments) VALUES (70, 'Haut um die Augen straffen, pflegen und Fältchen minimieren');
INSERT INTO Customer_sensitivities (Customer_id, sensitivities) VALUES (70, 'Nicht empfindlich');
INSERT INTO Customer_skinFeatures (Customer_id, skinFeatures) VALUES (70, 'Trockene Haut');
INSERT INTO Customer_skinFeatures (Customer_id, skinFeatures) VALUES (70, 'Fettige Haut');
INSERT INTO Customer (id, allergies, birthday, blemishes, city, forename, street, streetNumber, surname, zip) VALUES (71, 'Soja', 'ACED00057372000D6A6176612E74696D652E536572955D84BA1B2248B20C00007870770703000007E2091E78', 1, 'Berlüüün', 'Nina', 'Straße', '14D', 'Hagen', 12020);
INSERT INTO Customer_currentSkinCare (Customer_id, currentSkinCare) VALUES (71, 'Maske');
INSERT INTO Customer_currentSkinCare (Customer_id, currentSkinCare) VALUES (71, 'Gesichtswasser');
INSERT INTO Customer_improvments (Customer_id, improvments) VALUES (71, 'Unreinheiten bekämpfen, überschüssiges Hautfett regulieren');
INSERT INTO Customer_improvments (Customer_id, improvments) VALUES (71, 'Haut um die Augen straffen, pflegen und Fältchen minimieren');
INSERT INTO Customer_sensitivities (Customer_id, sensitivities) VALUES (71, 'Nicht empfindlich');
INSERT INTO Customer_skinFeatures (Customer_id, skinFeatures) VALUES (71, 'Trockene Haut');
INSERT INTO Customer_skinFeatures (Customer_id, skinFeatures) VALUES (71, 'Fettige Haut');
INSERT INTO Customer (id, allergies, birthday, blemishes, city, forename, street, streetNumber, surname, zip) VALUES (72, 'Weizen', 'ACED00057372000D6A6176612E74696D652E536572955D84BA1B2248B20C00007870770703000007E2091E78', 1, 'Blub', 'Jennie', 'Straße', '14D', 'Musterfrau', 12020);
INSERT INTO Customer_currentSkinCare (Customer_id, currentSkinCare) VALUES (72, 'Maske');
INSERT INTO Customer_currentSkinCare (Customer_id, currentSkinCare) VALUES (72, 'Gesichtswasser');
INSERT INTO Customer_improvments (Customer_id, improvments) VALUES (72, 'Unreinheiten bekämpfen, überschüssiges Hautfett regulieren');
INSERT INTO Customer_improvments (Customer_id, improvments) VALUES (72, 'Haut um die Augen straffen, pflegen und Fältchen minimieren');
INSERT INTO Customer_sensitivities (Customer_id, sensitivities) VALUES (72, 'Nicht empfindlich');
INSERT INTO Customer_skinFeatures (Customer_id, skinFeatures) VALUES (72, 'Trockene Haut');
INSERT INTO Customer_skinFeatures (Customer_id, skinFeatures) VALUES (72, 'Fettige Haut');
INSERT INTO Customer (id, allergies, birthday, blemishes, city, forename, street, streetNumber, surname, zip) VALUES (73, 'Senf', 'ACED00057372000D6A6176612E74696D652E536572955D84BA1B2248B20C00007870770703000007E2091E78', 1, 'Berlüüün', 'Alexander', 'Straße', '14D', 'Mustermann', 12020);
INSERT INTO Customer_currentSkinCare (Customer_id, currentSkinCare) VALUES (73, 'Maske');
INSERT INTO Customer_currentSkinCare (Customer_id, currentSkinCare) VALUES (73, 'Gesichtswasser');
INSERT INTO Customer_improvments (Customer_id, improvments) VALUES (73, 'Unreinheiten bekämpfen, überschüssiges Hautfett regulieren');
INSERT INTO Customer_improvments (Customer_id, improvments) VALUES (73, 'Haut um die Augen straffen, pflegen und Fältchen minimieren');
INSERT INTO Customer_sensitivities (Customer_id, sensitivities) VALUES (73, 'Nicht empfindlich');
INSERT INTO Customer_skinFeatures (Customer_id, skinFeatures) VALUES (73, 'Trockene Haut');
INSERT INTO Customer_skinFeatures (Customer_id, skinFeatures) VALUES (73, 'Fettige Haut');
INSERT INTO Customer (id, allergies, birthday, blemishes, city, forename, street, streetNumber, surname, zip) VALUES (74, 'Senf', 'ACED00057372000D6A6176612E74696D652E536572955D84BA1B2248B20C00007870770703000007E2091E78', 0, 'Berlüüün', 'Bugs', 'Straße', '14D', 'Bunny', 12020);
INSERT INTO Customer_currentSkinCare (Customer_id, currentSkinCare) VALUES (74, 'Maske');
INSERT INTO Customer_currentSkinCare (Customer_id, currentSkinCare) VALUES (74, 'Gesichtswasser');
INSERT INTO Customer_improvments (Customer_id, improvments) VALUES (74, 'Unreinheiten bekämpfen, überschüssiges Hautfett regulieren');
INSERT INTO Customer_improvments (Customer_id, improvments) VALUES (74, 'Haut um die Augen straffen, pflegen und Fältchen minimieren');
INSERT INTO Customer_sensitivities (Customer_id, sensitivities) VALUES (74, 'Nicht empfindlich');
INSERT INTO Customer_skinFeatures (Customer_id, skinFeatures) VALUES (74, 'Trockene Haut');
INSERT INTO Customer_skinFeatures (Customer_id, skinFeatures) VALUES (74, 'Fettige Haut');
INSERT INTO Customer (id, allergies, birthday, blemishes, city, forename, street, streetNumber, surname, zip) VALUES (75, 'Erdnüsse', 'ACED00057372000D6A6176612E74696D652E536572955D84BA1B2248B20C00007870770703000007E2091E78', 1, 'Berlüüün', 'Daisy', 'Straße', '14D', 'Duck', 12020);
INSERT INTO Customer_currentSkinCare (Customer_id, currentSkinCare) VALUES (75, 'Maske');
INSERT INTO Customer_currentSkinCare (Customer_id, currentSkinCare) VALUES (75, 'Gesichtswasser');
INSERT INTO Customer_improvments (Customer_id, improvments) VALUES (75, 'Unreinheiten bekämpfen, überschüssiges Hautfett regulieren');
INSERT INTO Customer_improvments (Customer_id, improvments) VALUES (75, 'Haut um die Augen straffen, pflegen und Fältchen minimieren');
INSERT INTO Customer_sensitivities (Customer_id, sensitivities) VALUES (75, 'Nicht empfindlich');
INSERT INTO Customer_skinFeatures (Customer_id, skinFeatures) VALUES (75, 'Trockene Haut');
INSERT INTO Customer_skinFeatures (Customer_id, skinFeatures) VALUES (75, 'Fettige Haut');
INSERT INTO Customer (id, allergies, birthday, blemishes, city, forename, street, streetNumber, surname, zip) VALUES (76, 'Mais', 'ACED00057372000D6A6176612E74696D652E536572955D84BA1B2248B20C00007870770703000007E2091E78', 1, 'Berlüüün', 'Donald', 'Straße', '14D', 'Duck', 12020);
INSERT INTO Customer_currentSkinCare (Customer_id, currentSkinCare) VALUES (76, 'Maske');
INSERT INTO Customer_currentSkinCare (Customer_id, currentSkinCare) VALUES (76, 'Gesichtswasser');
INSERT INTO Customer_improvments (Customer_id, improvments) VALUES (76, 'Unreinheiten bekämpfen, überschüssiges Hautfett regulieren');
INSERT INTO Customer_improvments (Customer_id, improvments) VALUES (76, 'Haut um die Augen straffen, pflegen und Fältchen minimieren');
INSERT INTO Customer_sensitivities (Customer_id, sensitivities) VALUES (76, 'Nicht empfindlich');
INSERT INTO Customer_skinFeatures (Customer_id, skinFeatures) VALUES (76, 'Trockene Haut');
INSERT INTO Customer_skinFeatures (Customer_id, skinFeatures) VALUES (76, 'Fettige Haut');
INSERT INTO Customer (id, allergies, birthday, blemishes, city, forename, street, streetNumber, surname, zip) VALUES (77, 'Soja', 'ACED00057372000D6A6176612E74696D652E536572955D84BA1B2248B20C00007870770703000007E2091E78', 1, 'Berlüüün', 'Nina', 'Straße', '14D', 'Hagen', 12020);
INSERT INTO Customer_currentSkinCare (Customer_id, currentSkinCare) VALUES (77, 'Maske');
INSERT INTO Customer_currentSkinCare (Customer_id, currentSkinCare) VALUES (77, 'Gesichtswasser');
INSERT INTO Customer_improvments (Customer_id, improvments) VALUES (77, 'Unreinheiten bekämpfen, überschüssiges Hautfett regulieren');
INSERT INTO Customer_improvments (Customer_id, improvments) VALUES (77, 'Haut um die Augen straffen, pflegen und Fältchen minimieren');
INSERT INTO Customer_sensitivities (Customer_id, sensitivities) VALUES (77, 'Nicht empfindlich');
INSERT INTO Customer_skinFeatures (Customer_id, skinFeatures) VALUES (77, 'Trockene Haut');
INSERT INTO Customer_skinFeatures (Customer_id, skinFeatures) VALUES (77, 'Fettige Haut');
INSERT INTO Customer (id, allergies, birthday, blemishes, city, forename, street, streetNumber, surname, zip) VALUES (78, 'Weizen', 'ACED00057372000D6A6176612E74696D652E536572955D84BA1B2248B20C00007870770703000007E2091E78', 1, 'Blub', 'Jennie', 'Straße', '14D', 'Musterfrau', 12020);
INSERT INTO Customer_currentSkinCare (Customer_id, currentSkinCare) VALUES (78, 'Maske');
INSERT INTO Customer_currentSkinCare (Customer_id, currentSkinCare) VALUES (78, 'Gesichtswasser');
INSERT INTO Customer_improvments (Customer_id, improvments) VALUES (78, 'Unreinheiten bekämpfen, überschüssiges Hautfett regulieren');
INSERT INTO Customer_improvments (Customer_id, improvments) VALUES (78, 'Haut um die Augen straffen, pflegen und Fältchen minimieren');
INSERT INTO Customer_sensitivities (Customer_id, sensitivities) VALUES (78, 'Nicht empfindlich');
INSERT INTO Customer_skinFeatures (Customer_id, skinFeatures) VALUES (78, 'Trockene Haut');
INSERT INTO Customer_skinFeatures (Customer_id, skinFeatures) VALUES (78, 'Fettige Haut');
INSERT INTO Customer (id, allergies, birthday, blemishes, city, forename, street, streetNumber, surname, zip) VALUES (79, 'Senf', 'ACED00057372000D6A6176612E74696D652E536572955D84BA1B2248B20C00007870770703000007E2091E78', 1, 'Berlüüün', 'Alexander', 'Straße', '14D', 'Mustermann', 12020);
INSERT INTO Customer_currentSkinCare (Customer_id, currentSkinCare) VALUES (79, 'Maske');
INSERT INTO Customer_currentSkinCare (Customer_id, currentSkinCare) VALUES (79, 'Gesichtswasser');
INSERT INTO Customer_improvments (Customer_id, improvments) VALUES (79, 'Unreinheiten bekämpfen, überschüssiges Hautfett regulieren');
INSERT INTO Customer_improvments (Customer_id, improvments) VALUES (79, 'Haut um die Augen straffen, pflegen und Fältchen minimieren');
INSERT INTO Customer_sensitivities (Customer_id, sensitivities) VALUES (79, 'Nicht empfindlich');
INSERT INTO Customer_skinFeatures (Customer_id, skinFeatures) VALUES (79, 'Trockene Haut');
INSERT INTO Customer_skinFeatures (Customer_id, skinFeatures) VALUES (79, 'Fettige Haut');
INSERT INTO Customer (id, allergies, birthday, blemishes, city, forename, street, streetNumber, surname, zip) VALUES (80, 'Senf', 'ACED00057372000D6A6176612E74696D652E536572955D84BA1B2248B20C00007870770703000007E2091E78', 0, 'Berlüüün', 'Bugs', 'Straße', '14D', 'Bunny', 12020);
INSERT INTO Customer_currentSkinCare (Customer_id, currentSkinCare) VALUES (80, 'Maske');
INSERT INTO Customer_currentSkinCare (Customer_id, currentSkinCare) VALUES (80, 'Gesichtswasser');
INSERT INTO Customer_improvments (Customer_id, improvments) VALUES (80, 'Unreinheiten bekämpfen, überschüssiges Hautfett regulieren');
INSERT INTO Customer_improvments (Customer_id, improvments) VALUES (80, 'Haut um die Augen straffen, pflegen und Fältchen minimieren');
INSERT INTO Customer_sensitivities (Customer_id, sensitivities) VALUES (80, 'Nicht empfindlich');
INSERT INTO Customer_skinFeatures (Customer_id, skinFeatures) VALUES (80, 'Trockene Haut');
INSERT INTO Customer_skinFeatures (Customer_id, skinFeatures) VALUES (80, 'Fettige Haut');
INSERT INTO Customer (id, allergies, birthday, blemishes, city, forename, street, streetNumber, surname, zip) VALUES (81, 'Erdnüsse', 'ACED00057372000D6A6176612E74696D652E536572955D84BA1B2248B20C00007870770703000007E2091E78', 1, 'Berlüüün', 'Daisy', 'Straße', '14D', 'Duck', 12020);
INSERT INTO Customer_currentSkinCare (Customer_id, currentSkinCare) VALUES (81, 'Maske');
INSERT INTO Customer_currentSkinCare (Customer_id, currentSkinCare) VALUES (81, 'Gesichtswasser');
INSERT INTO Customer_improvments (Customer_id, improvments) VALUES (81, 'Unreinheiten bekämpfen, überschüssiges Hautfett regulieren');
INSERT INTO Customer_improvments (Customer_id, improvments) VALUES (81, 'Haut um die Augen straffen, pflegen und Fältchen minimieren');
INSERT INTO Customer_sensitivities (Customer_id, sensitivities) VALUES (81, 'Nicht empfindlich');
INSERT INTO Customer_skinFeatures (Customer_id, skinFeatures) VALUES (81, 'Trockene Haut');
INSERT INTO Customer_skinFeatures (Customer_id, skinFeatures) VALUES (81, 'Fettige Haut');
INSERT INTO Customer (id, allergies, birthday, blemishes, city, forename, street, streetNumber, surname, zip) VALUES (82, 'Mais', 'ACED00057372000D6A6176612E74696D652E536572955D84BA1B2248B20C00007870770703000007E2091E78', 1, 'Berlüüün', 'Donald', 'Straße', '14D', 'Duck', 12020);
INSERT INTO Customer_currentSkinCare (Customer_id, currentSkinCare) VALUES (82, 'Maske');
INSERT INTO Customer_currentSkinCare (Customer_id, currentSkinCare) VALUES (82, 'Gesichtswasser');
INSERT INTO Customer_improvments (Customer_id, improvments) VALUES (82, 'Unreinheiten bekämpfen, überschüssiges Hautfett regulieren');
INSERT INTO Customer_improvments (Customer_id, improvments) VALUES (82, 'Haut um die Augen straffen, pflegen und Fältchen minimieren');
INSERT INTO Customer_sensitivities (Customer_id, sensitivities) VALUES (82, 'Nicht empfindlich');
INSERT INTO Customer_skinFeatures (Customer_id, skinFeatures) VALUES (82, 'Trockene Haut');
INSERT INTO Customer_skinFeatures (Customer_id, skinFeatures) VALUES (82, 'Fettige Haut');
INSERT INTO Customer (id, allergies, birthday, blemishes, city, forename, street, streetNumber, surname, zip) VALUES (83, 'Soja', 'ACED00057372000D6A6176612E74696D652E536572955D84BA1B2248B20C00007870770703000007E2091E78', 1, 'Berlüüün', 'Nina', 'Straße', '14D', 'Hagen', 12020);
INSERT INTO Customer_currentSkinCare (Customer_id, currentSkinCare) VALUES (83, 'Maske');
INSERT INTO Customer_currentSkinCare (Customer_id, currentSkinCare) VALUES (83, 'Gesichtswasser');
INSERT INTO Customer_improvments (Customer_id, improvments) VALUES (83, 'Unreinheiten bekämpfen, überschüssiges Hautfett regulieren');
INSERT INTO Customer_improvments (Customer_id, improvments) VALUES (83, 'Haut um die Augen straffen, pflegen und Fältchen minimieren');
INSERT INTO Customer_sensitivities (Customer_id, sensitivities) VALUES (83, 'Nicht empfindlich');
INSERT INTO Customer_skinFeatures (Customer_id, skinFeatures) VALUES (83, 'Trockene Haut');
INSERT INTO Customer_skinFeatures (Customer_id, skinFeatures) VALUES (83, 'Fettige Haut');
INSERT INTO Customer (id, allergies, birthday, blemishes, city, forename, street, streetNumber, surname, zip) VALUES (84, 'Weizen', 'ACED00057372000D6A6176612E74696D652E536572955D84BA1B2248B20C00007870770703000007E2091E78', 1, 'Blub', 'Jennie', 'Straße', '14D', 'Musterfrau', 12020);
INSERT INTO Customer_currentSkinCare (Customer_id, currentSkinCare) VALUES (84, 'Maske');
INSERT INTO Customer_currentSkinCare (Customer_id, currentSkinCare) VALUES (84, 'Gesichtswasser');
INSERT INTO Customer_improvments (Customer_id, improvments) VALUES (84, 'Unreinheiten bekämpfen, überschüssiges Hautfett regulieren');
INSERT INTO Customer_improvments (Customer_id, improvments) VALUES (84, 'Haut um die Augen straffen, pflegen und Fältchen minimieren');
INSERT INTO Customer_sensitivities (Customer_id, sensitivities) VALUES (84, 'Nicht empfindlich');
INSERT INTO Customer_skinFeatures (Customer_id, skinFeatures) VALUES (84, 'Trockene Haut');
INSERT INTO Customer_skinFeatures (Customer_id, skinFeatures) VALUES (84, 'Fettige Haut');
INSERT INTO Customer (id, allergies, birthday, blemishes, city, forename, street, streetNumber, surname, zip) VALUES (85, 'Senf', 'ACED00057372000D6A6176612E74696D652E536572955D84BA1B2248B20C00007870770703000007E2091E78', 1, 'Berlüüün', 'Alexander', 'Straße', '14D', 'Mustermann', 12020);
INSERT INTO Customer_currentSkinCare (Customer_id, currentSkinCare) VALUES (85, 'Maske');
INSERT INTO Customer_currentSkinCare (Customer_id, currentSkinCare) VALUES (85, 'Gesichtswasser');
INSERT INTO Customer_improvments (Customer_id, improvments) VALUES (85, 'Unreinheiten bekämpfen, überschüssiges Hautfett regulieren');
INSERT INTO Customer_improvments (Customer_id, improvments) VALUES (85, 'Haut um die Augen straffen, pflegen und Fältchen minimieren');
INSERT INTO Customer_sensitivities (Customer_id, sensitivities) VALUES (85, 'Nicht empfindlich');
INSERT INTO Customer_skinFeatures (Customer_id, skinFeatures) VALUES (85, 'Trockene Haut');
INSERT INTO Customer_skinFeatures (Customer_id, skinFeatures) VALUES (85, 'Fettige Haut');
INSERT INTO Customer (id, allergies, birthday, blemishes, city, forename, street, streetNumber, surname, zip) VALUES (86, 'Senf', 'ACED00057372000D6A6176612E74696D652E536572955D84BA1B2248B20C00007870770703000007E2091E78', 0, 'Berlüüün', 'Bugs', 'Straße', '14D', 'Bunny', 12020);
INSERT INTO Customer_currentSkinCare (Customer_id, currentSkinCare) VALUES (86, 'Maske');
INSERT INTO Customer_currentSkinCare (Customer_id, currentSkinCare) VALUES (86, 'Gesichtswasser');
INSERT INTO Customer_improvments (Customer_id, improvments) VALUES (86, 'Unreinheiten bekämpfen, überschüssiges Hautfett regulieren');
INSERT INTO Customer_improvments (Customer_id, improvments) VALUES (86, 'Haut um die Augen straffen, pflegen und Fältchen minimieren');
INSERT INTO Customer_sensitivities (Customer_id, sensitivities) VALUES (86, 'Nicht empfindlich');
INSERT INTO Customer_skinFeatures (Customer_id, skinFeatures) VALUES (86, 'Trockene Haut');
INSERT INTO Customer_skinFeatures (Customer_id, skinFeatures) VALUES (86, 'Fettige Haut');
INSERT INTO Customer (id, allergies, birthday, blemishes, city, forename, street, streetNumber, surname, zip) VALUES (87, 'Erdnüsse', 'ACED00057372000D6A6176612E74696D652E536572955D84BA1B2248B20C00007870770703000007E2091E78', 1, 'Berlüüün', 'Daisy', 'Straße', '14D', 'Duck', 12020);
INSERT INTO Customer_currentSkinCare (Customer_id, currentSkinCare) VALUES (87, 'Maske');
INSERT INTO Customer_currentSkinCare (Customer_id, currentSkinCare) VALUES (87, 'Gesichtswasser');
INSERT INTO Customer_improvments (Customer_id, improvments) VALUES (87, 'Unreinheiten bekämpfen, überschüssiges Hautfett regulieren');
INSERT INTO Customer_improvments (Customer_id, improvments) VALUES (87, 'Haut um die Augen straffen, pflegen und Fältchen minimieren');
INSERT INTO Customer_sensitivities (Customer_id, sensitivities) VALUES (87, 'Nicht empfindlich');
INSERT INTO Customer_skinFeatures (Customer_id, skinFeatures) VALUES (87, 'Trockene Haut');
INSERT INTO Customer_skinFeatures (Customer_id, skinFeatures) VALUES (87, 'Fettige Haut');
INSERT INTO Customer (id, allergies, birthday, blemishes, city, forename, street, streetNumber, surname, zip) VALUES (88, 'Mais', 'ACED00057372000D6A6176612E74696D652E536572955D84BA1B2248B20C00007870770703000007E2091E78', 1, 'Berlüüün', 'Donald', 'Straße', '14D', 'Duck', 12020);
INSERT INTO Customer_currentSkinCare (Customer_id, currentSkinCare) VALUES (88, 'Maske');
INSERT INTO Customer_currentSkinCare (Customer_id, currentSkinCare) VALUES (88, 'Gesichtswasser');
INSERT INTO Customer_improvments (Customer_id, improvments) VALUES (88, 'Unreinheiten bekämpfen, überschüssiges Hautfett regulieren');
INSERT INTO Customer_improvments (Customer_id, improvments) VALUES (88, 'Haut um die Augen straffen, pflegen und Fältchen minimieren');
INSERT INTO Customer_sensitivities (Customer_id, sensitivities) VALUES (88, 'Nicht empfindlich');
INSERT INTO Customer_skinFeatures (Customer_id, skinFeatures) VALUES (88, 'Trockene Haut');
INSERT INTO Customer_skinFeatures (Customer_id, skinFeatures) VALUES (88, 'Fettige Haut');
INSERT INTO Customer (id, allergies, birthday, blemishes, city, forename, street, streetNumber, surname, zip) VALUES (89, 'Soja', 'ACED00057372000D6A6176612E74696D652E536572955D84BA1B2248B20C00007870770703000007E2091E78', 1, 'Berlüüün', 'Nina', 'Straße', '14D', 'Hagen', 12020);
INSERT INTO Customer_currentSkinCare (Customer_id, currentSkinCare) VALUES (89, 'Maske');
INSERT INTO Customer_currentSkinCare (Customer_id, currentSkinCare) VALUES (89, 'Gesichtswasser');
INSERT INTO Customer_improvments (Customer_id, improvments) VALUES (89, 'Unreinheiten bekämpfen, überschüssiges Hautfett regulieren');
INSERT INTO Customer_improvments (Customer_id, improvments) VALUES (89, 'Haut um die Augen straffen, pflegen und Fältchen minimieren');
INSERT INTO Customer_sensitivities (Customer_id, sensitivities) VALUES (89, 'Nicht empfindlich');
INSERT INTO Customer_skinFeatures (Customer_id, skinFeatures) VALUES (89, 'Trockene Haut');
INSERT INTO Customer_skinFeatures (Customer_id, skinFeatures) VALUES (89, 'Fettige Haut');
INSERT INTO Customer (id, allergies, birthday, blemishes, city, forename, street, streetNumber, surname, zip) VALUES (90, 'Weizen', 'ACED00057372000D6A6176612E74696D652E536572955D84BA1B2248B20C00007870770703000007E2091E78', 1, 'Blub', 'Jennie', 'Straße', '14D', 'Musterfrau', 12020);
INSERT INTO Customer_currentSkinCare (Customer_id, currentSkinCare) VALUES (90, 'Maske');
INSERT INTO Customer_currentSkinCare (Customer_id, currentSkinCare) VALUES (90, 'Gesichtswasser');
INSERT INTO Customer_improvments (Customer_id, improvments) VALUES (90, 'Unreinheiten bekämpfen, überschüssiges Hautfett regulieren');
INSERT INTO Customer_improvments (Customer_id, improvments) VALUES (90, 'Haut um die Augen straffen, pflegen und Fältchen minimieren');
INSERT INTO Customer_sensitivities (Customer_id, sensitivities) VALUES (90, 'Nicht empfindlich');
INSERT INTO Customer_skinFeatures (Customer_id, skinFeatures) VALUES (90, 'Trockene Haut');
INSERT INTO Customer_skinFeatures (Customer_id, skinFeatures) VALUES (90, 'Fettige Haut');
INSERT INTO Customer (id, allergies, birthday, blemishes, city, forename, street, streetNumber, surname, zip) VALUES (91, 'Senf', 'ACED00057372000D6A6176612E74696D652E536572955D84BA1B2248B20C00007870770703000007E2091E78', 1, 'Berlüüün', 'Alexander', 'Straße', '14D', 'Mustermann', 12020);
INSERT INTO Customer_currentSkinCare (Customer_id, currentSkinCare) VALUES (91, 'Maske');
INSERT INTO Customer_currentSkinCare (Customer_id, currentSkinCare) VALUES (91, 'Gesichtswasser');
INSERT INTO Customer_improvments (Customer_id, improvments) VALUES (91, 'Unreinheiten bekämpfen, überschüssiges Hautfett regulieren');
INSERT INTO Customer_improvments (Customer_id, improvments) VALUES (91, 'Haut um die Augen straffen, pflegen und Fältchen minimieren');
INSERT INTO Customer_sensitivities (Customer_id, sensitivities) VALUES (91, 'Nicht empfindlich');
INSERT INTO Customer_skinFeatures (Customer_id, skinFeatures) VALUES (91, 'Trockene Haut');
INSERT INTO Customer_skinFeatures (Customer_id, skinFeatures) VALUES (91, 'Fettige Haut');
INSERT INTO Customer (id, allergies, birthday, blemishes, city, forename, street, streetNumber, surname, zip) VALUES (92, 'Senf', 'ACED00057372000D6A6176612E74696D652E536572955D84BA1B2248B20C00007870770703000007E2091E78', 0, 'Berlüüün', 'Bugs', 'Straße', '14D', 'Bunny', 12020);
INSERT INTO Customer_currentSkinCare (Customer_id, currentSkinCare) VALUES (92, 'Maske');
INSERT INTO Customer_currentSkinCare (Customer_id, currentSkinCare) VALUES (92, 'Gesichtswasser');
INSERT INTO Customer_improvments (Customer_id, improvments) VALUES (92, 'Unreinheiten bekämpfen, überschüssiges Hautfett regulieren');
INSERT INTO Customer_improvments (Customer_id, improvments) VALUES (92, 'Haut um die Augen straffen, pflegen und Fältchen minimieren');
INSERT INTO Customer_sensitivities (Customer_id, sensitivities) VALUES (92, 'Nicht empfindlich');
INSERT INTO Customer_skinFeatures (Customer_id, skinFeatures) VALUES (92, 'Trockene Haut');
INSERT INTO Customer_skinFeatures (Customer_id, skinFeatures) VALUES (92, 'Fettige Haut');
INSERT INTO Customer (id, allergies, birthday, blemishes, city, forename, street, streetNumber, surname, zip) VALUES (93, 'Erdnüsse', 'ACED00057372000D6A6176612E74696D652E536572955D84BA1B2248B20C00007870770703000007E2091E78', 1, 'Berlüüün', 'Daisy', 'Straße', '14D', 'Duck', 12020);
INSERT INTO Customer_currentSkinCare (Customer_id, currentSkinCare) VALUES (93, 'Maske');
INSERT INTO Customer_currentSkinCare (Customer_id, currentSkinCare) VALUES (93, 'Gesichtswasser');
INSERT INTO Customer_improvments (Customer_id, improvments) VALUES (93, 'Unreinheiten bekämpfen, überschüssiges Hautfett regulieren');
INSERT INTO Customer_improvments (Customer_id, improvments) VALUES (93, 'Haut um die Augen straffen, pflegen und Fältchen minimieren');
INSERT INTO Customer_sensitivities (Customer_id, sensitivities) VALUES (93, 'Nicht empfindlich');
INSERT INTO Customer_skinFeatures (Customer_id, skinFeatures) VALUES (93, 'Trockene Haut');
INSERT INTO Customer_skinFeatures (Customer_id, skinFeatures) VALUES (93, 'Fettige Haut');
INSERT INTO Customer (id, allergies, birthday, blemishes, city, forename, street, streetNumber, surname, zip) VALUES (94, 'Mais', 'ACED00057372000D6A6176612E74696D652E536572955D84BA1B2248B20C00007870770703000007E2091E78', 1, 'Berlüüün', 'Donald', 'Straße', '14D', 'Duck', 12020);
INSERT INTO Customer_currentSkinCare (Customer_id, currentSkinCare) VALUES (94, 'Maske');
INSERT INTO Customer_currentSkinCare (Customer_id, currentSkinCare) VALUES (94, 'Gesichtswasser');
INSERT INTO Customer_improvments (Customer_id, improvments) VALUES (94, 'Unreinheiten bekämpfen, überschüssiges Hautfett regulieren');
INSERT INTO Customer_improvments (Customer_id, improvments) VALUES (94, 'Haut um die Augen straffen, pflegen und Fältchen minimieren');
INSERT INTO Customer_sensitivities (Customer_id, sensitivities) VALUES (94, 'Nicht empfindlich');
INSERT INTO Customer_skinFeatures (Customer_id, skinFeatures) VALUES (94, 'Trockene Haut');
INSERT INTO Customer_skinFeatures (Customer_id, skinFeatures) VALUES (94, 'Fettige Haut');
INSERT INTO Customer (id, allergies, birthday, blemishes, city, forename, street, streetNumber, surname, zip) VALUES (95, 'Soja', 'ACED00057372000D6A6176612E74696D652E536572955D84BA1B2248B20C00007870770703000007E2091E78', 1, 'Berlüüün', 'Nina', 'Straße', '14D', 'Hagen', 12020);
INSERT INTO Customer_currentSkinCare (Customer_id, currentSkinCare) VALUES (95, 'Maske');
INSERT INTO Customer_currentSkinCare (Customer_id, currentSkinCare) VALUES (95, 'Gesichtswasser');
INSERT INTO Customer_improvments (Customer_id, improvments) VALUES (95, 'Unreinheiten bekämpfen, überschüssiges Hautfett regulieren');
INSERT INTO Customer_improvments (Customer_id, improvments) VALUES (95, 'Haut um die Augen straffen, pflegen und Fältchen minimieren');
INSERT INTO Customer_sensitivities (Customer_id, sensitivities) VALUES (95, 'Nicht empfindlich');
INSERT INTO Customer_skinFeatures (Customer_id, skinFeatures) VALUES (95, 'Trockene Haut');
INSERT INTO Customer_skinFeatures (Customer_id, skinFeatures) VALUES (95, 'Fettige Haut');
INSERT INTO Customer (id, allergies, birthday, blemishes, city, forename, street, streetNumber, surname, zip) VALUES (96, 'Weizen', 'ACED00057372000D6A6176612E74696D652E536572955D84BA1B2248B20C00007870770703000007E2091E78', 1, 'Blub', 'Jennie', 'Straße', '14D', 'Musterfrau', 12020);
INSERT INTO Customer_currentSkinCare (Customer_id, currentSkinCare) VALUES (96, 'Maske');
INSERT INTO Customer_currentSkinCare (Customer_id, currentSkinCare) VALUES (96, 'Gesichtswasser');
INSERT INTO Customer_improvments (Customer_id, improvments) VALUES (96, 'Unreinheiten bekämpfen, überschüssiges Hautfett regulieren');
INSERT INTO Customer_improvments (Customer_id, improvments) VALUES (96, 'Haut um die Augen straffen, pflegen und Fältchen minimieren');
INSERT INTO Customer_sensitivities (Customer_id, sensitivities) VALUES (96, 'Nicht empfindlich');
INSERT INTO Customer_skinFeatures (Customer_id, skinFeatures) VALUES (96, 'Trockene Haut');
INSERT INTO Customer_skinFeatures (Customer_id, skinFeatures) VALUES (96, 'Fettige Haut');
INSERT INTO Customer (id, allergies, birthday, blemishes, city, forename, street, streetNumber, surname, zip) VALUES (97, 'Senf', 'ACED00057372000D6A6176612E74696D652E536572955D84BA1B2248B20C00007870770703000007E2091E78', 1, 'Berlüüün', 'Alexander', 'Straße', '14D', 'Mustermann', 12020);
INSERT INTO Customer_currentSkinCare (Customer_id, currentSkinCare) VALUES (97, 'Maske');
INSERT INTO Customer_currentSkinCare (Customer_id, currentSkinCare) VALUES (97, 'Gesichtswasser');
INSERT INTO Customer_improvments (Customer_id, improvments) VALUES (97, 'Unreinheiten bekämpfen, überschüssiges Hautfett regulieren');
INSERT INTO Customer_improvments (Customer_id, improvments) VALUES (97, 'Haut um die Augen straffen, pflegen und Fältchen minimieren');
INSERT INTO Customer_sensitivities (Customer_id, sensitivities) VALUES (97, 'Nicht empfindlich');
INSERT INTO Customer_skinFeatures (Customer_id, skinFeatures) VALUES (97, 'Trockene Haut');
INSERT INTO Customer_skinFeatures (Customer_id, skinFeatures) VALUES (97, 'Fettige Haut');
INSERT INTO Customer (id, allergies, birthday, blemishes, city, forename, street, streetNumber, surname, zip) VALUES (98, 'Senf', 'ACED00057372000D6A6176612E74696D652E536572955D84BA1B2248B20C00007870770703000007E2091E78', 0, 'Berlüüün', 'Bugs', 'Straße', '14D', 'Bunny', 12020);
INSERT INTO Customer_currentSkinCare (Customer_id, currentSkinCare) VALUES (98, 'Maske');
INSERT INTO Customer_currentSkinCare (Customer_id, currentSkinCare) VALUES (98, 'Gesichtswasser');
INSERT INTO Customer_improvments (Customer_id, improvments) VALUES (98, 'Unreinheiten bekämpfen, überschüssiges Hautfett regulieren');
INSERT INTO Customer_improvments (Customer_id, improvments) VALUES (98, 'Haut um die Augen straffen, pflegen und Fältchen minimieren');
INSERT INTO Customer_sensitivities (Customer_id, sensitivities) VALUES (98, 'Nicht empfindlich');
INSERT INTO Customer_skinFeatures (Customer_id, skinFeatures) VALUES (98, 'Trockene Haut');
INSERT INTO Customer_skinFeatures (Customer_id, skinFeatures) VALUES (98, 'Fettige Haut');
INSERT INTO Customer (id, allergies, birthday, blemishes, city, forename, street, streetNumber, surname, zip) VALUES (99, 'Erdnüsse', 'ACED00057372000D6A6176612E74696D652E536572955D84BA1B2248B20C00007870770703000007E2091E78', 1, 'Berlüüün', 'Daisy', 'Straße', '14D', 'Duck', 12020);
INSERT INTO Customer_currentSkinCare (Customer_id, currentSkinCare) VALUES (99, 'Maske');
INSERT INTO Customer_currentSkinCare (Customer_id, currentSkinCare) VALUES (99, 'Gesichtswasser');
INSERT INTO Customer_improvments (Customer_id, improvments) VALUES (99, 'Unreinheiten bekämpfen, überschüssiges Hautfett regulieren');
INSERT INTO Customer_improvments (Customer_id, improvments) VALUES (99, 'Haut um die Augen straffen, pflegen und Fältchen minimieren');
INSERT INTO Customer_sensitivities (Customer_id, sensitivities) VALUES (99, 'Nicht empfindlich');
INSERT INTO Customer_skinFeatures (Customer_id, skinFeatures) VALUES (99, 'Trockene Haut');
INSERT INTO Customer_skinFeatures (Customer_id, skinFeatures) VALUES (99, 'Fettige Haut');
INSERT INTO Customer (id, allergies, birthday, blemishes, city, forename, street, streetNumber, surname, zip) VALUES (100, 'Mais', 'ACED00057372000D6A6176612E74696D652E536572955D84BA1B2248B20C00007870770703000007E2091E78', 1, 'Berlüüün', 'Donald', 'Straße', '14D', 'Duck', 12020);
INSERT INTO Customer_currentSkinCare (Customer_id, currentSkinCare) VALUES (100, 'Maske');
INSERT INTO Customer_currentSkinCare (Customer_id, currentSkinCare) VALUES (100, 'Gesichtswasser');
INSERT INTO Customer_improvments (Customer_id, improvments) VALUES (100, 'Unreinheiten bekämpfen, überschüssiges Hautfett regulieren');
INSERT INTO Customer_improvments (Customer_id, improvments) VALUES (100, 'Haut um die Augen straffen, pflegen und Fältchen minimieren');
INSERT INTO Customer_sensitivities (Customer_id, sensitivities) VALUES (100, 'Nicht empfindlich');
INSERT INTO Customer_skinFeatures (Customer_id, skinFeatures) VALUES (100, 'Trockene Haut');
INSERT INTO Customer_skinFeatures (Customer_id, skinFeatures) VALUES (100, 'Fettige Haut');
INSERT INTO Customer (id, allergies, birthday, blemishes, city, forename, street, streetNumber, surname, zip) VALUES (101, 'Soja', 'ACED00057372000D6A6176612E74696D652E536572955D84BA1B2248B20C00007870770703000007E2091E78', 1, 'Berlüüün', 'Nina', 'Straße', '14D', 'Hagen', 12020);
INSERT INTO Customer_currentSkinCare (Customer_id, currentSkinCare) VALUES (101, 'Maske');
INSERT INTO Customer_currentSkinCare (Customer_id, currentSkinCare) VALUES (101, 'Gesichtswasser');
INSERT INTO Customer_improvments (Customer_id, improvments) VALUES (101, 'Unreinheiten bekämpfen, überschüssiges Hautfett regulieren');
INSERT INTO Customer_improvments (Customer_id, improvments) VALUES (101, 'Haut um die Augen straffen, pflegen und Fältchen minimieren');
INSERT INTO Customer_sensitivities (Customer_id, sensitivities) VALUES (101, 'Nicht empfindlich');
INSERT INTO Customer_skinFeatures (Customer_id, skinFeatures) VALUES (101, 'Trockene Haut');
INSERT INTO Customer_skinFeatures (Customer_id, skinFeatures) VALUES (101, 'Fettige Haut');
INSERT INTO Customer (id, allergies, birthday, blemishes, city, forename, street, streetNumber, surname, zip) VALUES (102, 'Weizen', 'ACED00057372000D6A6176612E74696D652E536572955D84BA1B2248B20C00007870770703000007E2091E78', 1, 'Blub', 'Jennie', 'Straße', '14D', 'Musterfrau', 12020);
INSERT INTO Customer_currentSkinCare (Customer_id, currentSkinCare) VALUES (102, 'Maske');
INSERT INTO Customer_currentSkinCare (Customer_id, currentSkinCare) VALUES (102, 'Gesichtswasser');
INSERT INTO Customer_improvments (Customer_id, improvments) VALUES (102, 'Unreinheiten bekämpfen, überschüssiges Hautfett regulieren');
INSERT INTO Customer_improvments (Customer_id, improvments) VALUES (102, 'Haut um die Augen straffen, pflegen und Fältchen minimieren');
INSERT INTO Customer_sensitivities (Customer_id, sensitivities) VALUES (102, 'Nicht empfindlich');
INSERT INTO Customer_skinFeatures (Customer_id, skinFeatures) VALUES (102, 'Trockene Haut');
INSERT INTO Customer_skinFeatures (Customer_id, skinFeatures) VALUES (102, 'Fettige Haut');
INSERT INTO Customer (id, allergies, birthday, blemishes, city, forename, street, streetNumber, surname, zip) VALUES (103, 'Senf', 'ACED00057372000D6A6176612E74696D652E536572955D84BA1B2248B20C00007870770703000007E2091E78', 1, 'Berlüüün', 'Alexander', 'Straße', '14D', 'Mustermann', 12020);
INSERT INTO Customer_currentSkinCare (Customer_id, currentSkinCare) VALUES (103, 'Maske');
INSERT INTO Customer_currentSkinCare (Customer_id, currentSkinCare) VALUES (103, 'Gesichtswasser');
INSERT INTO Customer_improvments (Customer_id, improvments) VALUES (103, 'Unreinheiten bekämpfen, überschüssiges Hautfett regulieren');
INSERT INTO Customer_improvments (Customer_id, improvments) VALUES (103, 'Haut um die Augen straffen, pflegen und Fältchen minimieren');
INSERT INTO Customer_sensitivities (Customer_id, sensitivities) VALUES (103, 'Nicht empfindlich');
INSERT INTO Customer_skinFeatures (Customer_id, skinFeatures) VALUES (103, 'Trockene Haut');
INSERT INTO Customer_skinFeatures (Customer_id, skinFeatures) VALUES (103, 'Fettige Haut');
INSERT INTO Customer (id, allergies, birthday, blemishes, city, forename, street, streetNumber, surname, zip) VALUES (104, 'Senf', 'ACED00057372000D6A6176612E74696D652E536572955D84BA1B2248B20C00007870770703000007E2091E78', 0, 'Berlüüün', 'Bugs', 'Straße', '14D', 'Bunny', 12020);
INSERT INTO Customer_currentSkinCare (Customer_id, currentSkinCare) VALUES (104, 'Maske');
INSERT INTO Customer_currentSkinCare (Customer_id, currentSkinCare) VALUES (104, 'Gesichtswasser');
INSERT INTO Customer_improvments (Customer_id, improvments) VALUES (104, 'Unreinheiten bekämpfen, überschüssiges Hautfett regulieren');
INSERT INTO Customer_improvments (Customer_id, improvments) VALUES (104, 'Haut um die Augen straffen, pflegen und Fältchen minimieren');
INSERT INTO Customer_sensitivities (Customer_id, sensitivities) VALUES (104, 'Nicht empfindlich');
INSERT INTO Customer_skinFeatures (Customer_id, skinFeatures) VALUES (104, 'Trockene Haut');
INSERT INTO Customer_skinFeatures (Customer_id, skinFeatures) VALUES (104, 'Fettige Haut');
INSERT INTO Customer (id, allergies, birthday, blemishes, city, forename, street, streetNumber, surname, zip) VALUES (105, 'Erdnüsse', 'ACED00057372000D6A6176612E74696D652E536572955D84BA1B2248B20C00007870770703000007E2091E78', 1, 'Berlüüün', 'Daisy', 'Straße', '14D', 'Duck', 12020);
INSERT INTO Customer_currentSkinCare (Customer_id, currentSkinCare) VALUES (105, 'Maske');
INSERT INTO Customer_currentSkinCare (Customer_id, currentSkinCare) VALUES (105, 'Gesichtswasser');
INSERT INTO Customer_improvments (Customer_id, improvments) VALUES (105, 'Unreinheiten bekämpfen, überschüssiges Hautfett regulieren');
INSERT INTO Customer_improvments (Customer_id, improvments) VALUES (105, 'Haut um die Augen straffen, pflegen und Fältchen minimieren');
INSERT INTO Customer_sensitivities (Customer_id, sensitivities) VALUES (105, 'Nicht empfindlich');
INSERT INTO Customer_skinFeatures (Customer_id, skinFeatures) VALUES (105, 'Trockene Haut');
INSERT INTO Customer_skinFeatures (Customer_id, skinFeatures) VALUES (105, 'Fettige Haut');
INSERT INTO Customer (id, allergies, birthday, blemishes, city, forename, street, streetNumber, surname, zip) VALUES (106, 'Mais', 'ACED00057372000D6A6176612E74696D652E536572955D84BA1B2248B20C00007870770703000007E2091E78', 1, 'Berlüüün', 'Donald', 'Straße', '14D', 'Duck', 12020);
INSERT INTO Customer_currentSkinCare (Customer_id, currentSkinCare) VALUES (106, 'Maske');
INSERT INTO Customer_currentSkinCare (Customer_id, currentSkinCare) VALUES (106, 'Gesichtswasser');
INSERT INTO Customer_improvments (Customer_id, improvments) VALUES (106, 'Unreinheiten bekämpfen, überschüssiges Hautfett regulieren');
INSERT INTO Customer_improvments (Customer_id, improvments) VALUES (106, 'Haut um die Augen straffen, pflegen und Fältchen minimieren');
INSERT INTO Customer_sensitivities (Customer_id, sensitivities) VALUES (106, 'Nicht empfindlich');
INSERT INTO Customer_skinFeatures (Customer_id, skinFeatures) VALUES (106, 'Trockene Haut');
INSERT INTO Customer_skinFeatures (Customer_id, skinFeatures) VALUES (106, 'Fettige Haut');
INSERT INTO Customer (id, allergies, birthday, blemishes, city, forename, street, streetNumber, surname, zip) VALUES (107, 'Soja', 'ACED00057372000D6A6176612E74696D652E536572955D84BA1B2248B20C00007870770703000007E2091E78', 1, 'Berlüüün', 'Nina', 'Straße', '14D', 'Hagen', 12020);
INSERT INTO Customer_currentSkinCare (Customer_id, currentSkinCare) VALUES (107, 'Maske');
INSERT INTO Customer_currentSkinCare (Customer_id, currentSkinCare) VALUES (107, 'Gesichtswasser');
INSERT INTO Customer_improvments (Customer_id, improvments) VALUES (107, 'Unreinheiten bekämpfen, überschüssiges Hautfett regulieren');
INSERT INTO Customer_improvments (Customer_id, improvments) VALUES (107, 'Haut um die Augen straffen, pflegen und Fältchen minimieren');
INSERT INTO Customer_sensitivities (Customer_id, sensitivities) VALUES (107, 'Nicht empfindlich');
INSERT INTO Customer_skinFeatures (Customer_id, skinFeatures) VALUES (107, 'Trockene Haut');
INSERT INTO Customer_skinFeatures (Customer_id, skinFeatures) VALUES (107, 'Fettige Haut');
INSERT INTO Customer (id, allergies, birthday, blemishes, city, forename, street, streetNumber, surname, zip) VALUES (108, 'Weizen', 'ACED00057372000D6A6176612E74696D652E536572955D84BA1B2248B20C00007870770703000007E2091E78', 1, 'Blub', 'Jennie', 'Straße', '14D', 'Musterfrau', 12020);
INSERT INTO Customer_currentSkinCare (Customer_id, currentSkinCare) VALUES (108, 'Maske');
INSERT INTO Customer_currentSkinCare (Customer_id, currentSkinCare) VALUES (108, 'Gesichtswasser');
INSERT INTO Customer_improvments (Customer_id, improvments) VALUES (108, 'Unreinheiten bekämpfen, überschüssiges Hautfett regulieren');
INSERT INTO Customer_improvments (Customer_id, improvments) VALUES (108, 'Haut um die Augen straffen, pflegen und Fältchen minimieren');
INSERT INTO Customer_sensitivities (Customer_id, sensitivities) VALUES (108, 'Nicht empfindlich');
INSERT INTO Customer_skinFeatures (Customer_id, skinFeatures) VALUES (108, 'Trockene Haut');
INSERT INTO Customer_skinFeatures (Customer_id, skinFeatures) VALUES (108, 'Fettige Haut');
INSERT INTO Customer (id, allergies, birthday, blemishes, city, forename, street, streetNumber, surname, zip) VALUES (109, 'Senf', 'ACED00057372000D6A6176612E74696D652E536572955D84BA1B2248B20C00007870770703000007E2091E78', 1, 'Berlüüün', 'Alexander', 'Straße', '14D', 'Mustermann', 12020);
INSERT INTO Customer_currentSkinCare (Customer_id, currentSkinCare) VALUES (109, 'Maske');
INSERT INTO Customer_currentSkinCare (Customer_id, currentSkinCare) VALUES (109, 'Gesichtswasser');
INSERT INTO Customer_improvments (Customer_id, improvments) VALUES (109, 'Unreinheiten bekämpfen, überschüssiges Hautfett regulieren');
INSERT INTO Customer_improvments (Customer_id, improvments) VALUES (109, 'Haut um die Augen straffen, pflegen und Fältchen minimieren');
INSERT INTO Customer_sensitivities (Customer_id, sensitivities) VALUES (109, 'Nicht empfindlich');
INSERT INTO Customer_skinFeatures (Customer_id, skinFeatures) VALUES (109, 'Trockene Haut');
INSERT INTO Customer_skinFeatures (Customer_id, skinFeatures) VALUES (109, 'Fettige Haut');
INSERT INTO Customer (id, allergies, birthday, blemishes, city, forename, street, streetNumber, surname, zip) VALUES (110, 'Senf', 'ACED00057372000D6A6176612E74696D652E536572955D84BA1B2248B20C00007870770703000007E2091E78', 0, 'Berlüüün', 'Bugs', 'Straße', '14D', 'Bunny', 12020);
INSERT INTO Customer_currentSkinCare (Customer_id, currentSkinCare) VALUES (110, 'Maske');
INSERT INTO Customer_currentSkinCare (Customer_id, currentSkinCare) VALUES (110, 'Gesichtswasser');
INSERT INTO Customer_improvments (Customer_id, improvments) VALUES (110, 'Unreinheiten bekämpfen, überschüssiges Hautfett regulieren');
INSERT INTO Customer_improvments (Customer_id, improvments) VALUES (110, 'Haut um die Augen straffen, pflegen und Fältchen minimieren');
INSERT INTO Customer_sensitivities (Customer_id, sensitivities) VALUES (110, 'Nicht empfindlich');
INSERT INTO Customer_skinFeatures (Customer_id, skinFeatures) VALUES (110, 'Trockene Haut');
INSERT INTO Customer_skinFeatures (Customer_id, skinFeatures) VALUES (110, 'Fettige Haut');
INSERT INTO Customer (id, allergies, birthday, blemishes, city, forename, street, streetNumber, surname, zip) VALUES (111, 'Erdnüsse', 'ACED00057372000D6A6176612E74696D652E536572955D84BA1B2248B20C00007870770703000007E2091E78', 1, 'Berlüüün', 'Daisy', 'Straße', '14D', 'Duck', 12020);
INSERT INTO Customer_currentSkinCare (Customer_id, currentSkinCare) VALUES (111, 'Maske');
INSERT INTO Customer_currentSkinCare (Customer_id, currentSkinCare) VALUES (111, 'Gesichtswasser');
INSERT INTO Customer_improvments (Customer_id, improvments) VALUES (111, 'Unreinheiten bekämpfen, überschüssiges Hautfett regulieren');
INSERT INTO Customer_improvments (Customer_id, improvments) VALUES (111, 'Haut um die Augen straffen, pflegen und Fältchen minimieren');
INSERT INTO Customer_sensitivities (Customer_id, sensitivities) VALUES (111, 'Nicht empfindlich');
INSERT INTO Customer_skinFeatures (Customer_id, skinFeatures) VALUES (111, 'Trockene Haut');
INSERT INTO Customer_skinFeatures (Customer_id, skinFeatures) VALUES (111, 'Fettige Haut');
INSERT INTO Customer (id, allergies, birthday, blemishes, city, forename, street, streetNumber, surname, zip) VALUES (112, 'Mais', 'ACED00057372000D6A6176612E74696D652E536572955D84BA1B2248B20C00007870770703000007E2091E78', 1, 'Berlüüün', 'Donald', 'Straße', '14D', 'Duck', 12020);
INSERT INTO Customer_currentSkinCare (Customer_id, currentSkinCare) VALUES (112, 'Maske');
INSERT INTO Customer_currentSkinCare (Customer_id, currentSkinCare) VALUES (112, 'Gesichtswasser');
INSERT INTO Customer_improvments (Customer_id, improvments) VALUES (112, 'Unreinheiten bekämpfen, überschüssiges Hautfett regulieren');
INSERT INTO Customer_improvments (Customer_id, improvments) VALUES (112, 'Haut um die Augen straffen, pflegen und Fältchen minimieren');
INSERT INTO Customer_sensitivities (Customer_id, sensitivities) VALUES (112, 'Nicht empfindlich');
INSERT INTO Customer_skinFeatures (Customer_id, skinFeatures) VALUES (112, 'Trockene Haut');
INSERT INTO Customer_skinFeatures (Customer_id, skinFeatures) VALUES (112, 'Fettige Haut');
INSERT INTO Customer (id, allergies, birthday, blemishes, city, forename, street, streetNumber, surname, zip) VALUES (113, 'Soja', 'ACED00057372000D6A6176612E74696D652E536572955D84BA1B2248B20C00007870770703000007E2091E78', 1, 'Berlüüün', 'Nina', 'Straße', '14D', 'Hagen', 12020);
INSERT INTO Customer_currentSkinCare (Customer_id, currentSkinCare) VALUES (113, 'Maske');
INSERT INTO Customer_currentSkinCare (Customer_id, currentSkinCare) VALUES (113, 'Gesichtswasser');
INSERT INTO Customer_improvments (Customer_id, improvments) VALUES (113, 'Unreinheiten bekämpfen, überschüssiges Hautfett regulieren');
INSERT INTO Customer_improvments (Customer_id, improvments) VALUES (113, 'Haut um die Augen straffen, pflegen und Fältchen minimieren');
INSERT INTO Customer_sensitivities (Customer_id, sensitivities) VALUES (113, 'Nicht empfindlich');
INSERT INTO Customer_skinFeatures (Customer_id, skinFeatures) VALUES (113, 'Trockene Haut');
INSERT INTO Customer_skinFeatures (Customer_id, skinFeatures) VALUES (113, 'Fettige Haut');
INSERT INTO Customer (id, allergies, birthday, blemishes, city, forename, street, streetNumber, surname, zip) VALUES (114, 'Weizen', 'ACED00057372000D6A6176612E74696D652E536572955D84BA1B2248B20C00007870770703000007E2091E78', 1, 'Blub', 'Jennie', 'Straße', '14D', 'Musterfrau', 12020);
INSERT INTO Customer_currentSkinCare (Customer_id, currentSkinCare) VALUES (114, 'Maske');
INSERT INTO Customer_currentSkinCare (Customer_id, currentSkinCare) VALUES (114, 'Gesichtswasser');
INSERT INTO Customer_improvments (Customer_id, improvments) VALUES (114, 'Unreinheiten bekämpfen, überschüssiges Hautfett regulieren');
INSERT INTO Customer_improvments (Customer_id, improvments) VALUES (114, 'Haut um die Augen straffen, pflegen und Fältchen minimieren');
INSERT INTO Customer_sensitivities (Customer_id, sensitivities) VALUES (114, 'Nicht empfindlich');
INSERT INTO Customer_skinFeatures (Customer_id, skinFeatures) VALUES (114, 'Trockene Haut');
INSERT INTO Customer_skinFeatures (Customer_id, skinFeatures) VALUES (114, 'Fettige Haut');
INSERT INTO Customer (id, allergies, birthday, blemishes, city, forename, street, streetNumber, surname, zip) VALUES (115, 'Senf', 'ACED00057372000D6A6176612E74696D652E536572955D84BA1B2248B20C00007870770703000007E2091E78', 1, 'Berlüüün', 'Alexander', 'Straße', '14D', 'Mustermann', 12020);
INSERT INTO Customer_currentSkinCare (Customer_id, currentSkinCare) VALUES (115, 'Maske');
INSERT INTO Customer_currentSkinCare (Customer_id, currentSkinCare) VALUES (115, 'Gesichtswasser');
INSERT INTO Customer_improvments (Customer_id, improvments) VALUES (115, 'Unreinheiten bekämpfen, überschüssiges Hautfett regulieren');
INSERT INTO Customer_improvments (Customer_id, improvments) VALUES (115, 'Haut um die Augen straffen, pflegen und Fältchen minimieren');
INSERT INTO Customer_sensitivities (Customer_id, sensitivities) VALUES (115, 'Nicht empfindlich');
INSERT INTO Customer_skinFeatures (Customer_id, skinFeatures) VALUES (115, 'Trockene Haut');
INSERT INTO Customer_skinFeatures (Customer_id, skinFeatures) VALUES (115, 'Fettige Haut');
INSERT INTO Customer (id, allergies, birthday, blemishes, city, forename, street, streetNumber, surname, zip) VALUES (116, 'Senf', 'ACED00057372000D6A6176612E74696D652E536572955D84BA1B2248B20C00007870770703000007E2091E78', 0, 'Berlüüün', 'Bugs', 'Straße', '14D', 'Bunny', 12020);
INSERT INTO Customer_currentSkinCare (Customer_id, currentSkinCare) VALUES (116, 'Maske');
INSERT INTO Customer_currentSkinCare (Customer_id, currentSkinCare) VALUES (116, 'Gesichtswasser');
INSERT INTO Customer_improvments (Customer_id, improvments) VALUES (116, 'Unreinheiten bekämpfen, überschüssiges Hautfett regulieren');
INSERT INTO Customer_improvments (Customer_id, improvments) VALUES (116, 'Haut um die Augen straffen, pflegen und Fältchen minimieren');
INSERT INTO Customer_sensitivities (Customer_id, sensitivities) VALUES (116, 'Nicht empfindlich');
INSERT INTO Customer_skinFeatures (Customer_id, skinFeatures) VALUES (116, 'Trockene Haut');
INSERT INTO Customer_skinFeatures (Customer_id, skinFeatures) VALUES (116, 'Fettige Haut');
INSERT INTO Customer (id, allergies, birthday, blemishes, city, forename, street, streetNumber, surname, zip) VALUES (117, 'Erdnüsse', 'ACED00057372000D6A6176612E74696D652E536572955D84BA1B2248B20C00007870770703000007E2091E78', 1, 'Berlüüün', 'Daisy', 'Straße', '14D', 'Duck', 12020);
INSERT INTO Customer_currentSkinCare (Customer_id, currentSkinCare) VALUES (117, 'Maske');
INSERT INTO Customer_currentSkinCare (Customer_id, currentSkinCare) VALUES (117, 'Gesichtswasser');
INSERT INTO Customer_improvments (Customer_id, improvments) VALUES (117, 'Unreinheiten bekämpfen, überschüssiges Hautfett regulieren');
INSERT INTO Customer_improvments (Customer_id, improvments) VALUES (117, 'Haut um die Augen straffen, pflegen und Fältchen minimieren');
INSERT INTO Customer_sensitivities (Customer_id, sensitivities) VALUES (117, 'Nicht empfindlich');
INSERT INTO Customer_skinFeatures (Customer_id, skinFeatures) VALUES (117, 'Trockene Haut');
INSERT INTO Customer_skinFeatures (Customer_id, skinFeatures) VALUES (117, 'Fettige Haut');
INSERT INTO Customer (id, allergies, birthday, blemishes, city, forename, street, streetNumber, surname, zip) VALUES (118, 'Mais', 'ACED00057372000D6A6176612E74696D652E536572955D84BA1B2248B20C00007870770703000007E2091E78', 1, 'Berlüüün', 'Donald', 'Straße', '14D', 'Duck', 12020);
INSERT INTO Customer_currentSkinCare (Customer_id, currentSkinCare) VALUES (118, 'Maske');
INSERT INTO Customer_currentSkinCare (Customer_id, currentSkinCare) VALUES (118, 'Gesichtswasser');
INSERT INTO Customer_improvments (Customer_id, improvments) VALUES (118, 'Unreinheiten bekämpfen, überschüssiges Hautfett regulieren');
INSERT INTO Customer_improvments (Customer_id, improvments) VALUES (118, 'Haut um die Augen straffen, pflegen und Fältchen minimieren');
INSERT INTO Customer_sensitivities (Customer_id, sensitivities) VALUES (118, 'Nicht empfindlich');
INSERT INTO Customer_skinFeatures (Customer_id, skinFeatures) VALUES (118, 'Trockene Haut');
INSERT INTO Customer_skinFeatures (Customer_id, skinFeatures) VALUES (118, 'Fettige Haut');
INSERT INTO Customer (id, allergies, birthday, blemishes, city, forename, street, streetNumber, surname, zip) VALUES (119, 'Soja', 'ACED00057372000D6A6176612E74696D652E536572955D84BA1B2248B20C00007870770703000007E2091E78', 1, 'Berlüüün', 'Nina', 'Straße', '14D', 'Hagen', 12020);
INSERT INTO Customer_currentSkinCare (Customer_id, currentSkinCare) VALUES (119, 'Maske');
INSERT INTO Customer_currentSkinCare (Customer_id, currentSkinCare) VALUES (119, 'Gesichtswasser');
INSERT INTO Customer_improvments (Customer_id, improvments) VALUES (119, 'Unreinheiten bekämpfen, überschüssiges Hautfett regulieren');
INSERT INTO Customer_improvments (Customer_id, improvments) VALUES (119, 'Haut um die Augen straffen, pflegen und Fältchen minimieren');
INSERT INTO Customer_sensitivities (Customer_id, sensitivities) VALUES (119, 'Nicht empfindlich');
INSERT INTO Customer_skinFeatures (Customer_id, skinFeatures) VALUES (119, 'Trockene Haut');
INSERT INTO Customer_skinFeatures (Customer_id, skinFeatures) VALUES (119, 'Fettige Haut');
INSERT INTO Customer (id, allergies, birthday, blemishes, city, forename, street, streetNumber, surname, zip) VALUES (120, 'Weizen', 'ACED00057372000D6A6176612E74696D652E536572955D84BA1B2248B20C00007870770703000007E2091E78', 1, 'Blub', 'Jennie', 'Straße', '14D', 'Musterfrau', 12020);
INSERT INTO Customer_currentSkinCare (Customer_id, currentSkinCare) VALUES (120, 'Maske');
INSERT INTO Customer_currentSkinCare (Customer_id, currentSkinCare) VALUES (120, 'Gesichtswasser');
INSERT INTO Customer_improvments (Customer_id, improvments) VALUES (120, 'Unreinheiten bekämpfen, überschüssiges Hautfett regulieren');
INSERT INTO Customer_improvments (Customer_id, improvments) VALUES (120, 'Haut um die Augen straffen, pflegen und Fältchen minimieren');
INSERT INTO Customer_sensitivities (Customer_id, sensitivities) VALUES (120, 'Nicht empfindlich');
INSERT INTO Customer_skinFeatures (Customer_id, skinFeatures) VALUES (120, 'Trockene Haut');
INSERT INTO Customer_skinFeatures (Customer_id, skinFeatures) VALUES (120, 'Fettige Haut');
INSERT INTO Customer (id, allergies, birthday, blemishes, city, forename, street, streetNumber, surname, zip) VALUES (121, 'Senf', 'ACED00057372000D6A6176612E74696D652E536572955D84BA1B2248B20C00007870770703000007E2091E78', 1, 'Berlüüün', 'Alexander', 'Straße', '14D', 'Mustermann', 12020);
INSERT INTO Customer_currentSkinCare (Customer_id, currentSkinCare) VALUES (121, 'Maske');
INSERT INTO Customer_currentSkinCare (Customer_id, currentSkinCare) VALUES (121, 'Gesichtswasser');
INSERT INTO Customer_improvments (Customer_id, improvments) VALUES (121, 'Unreinheiten bekämpfen, überschüssiges Hautfett regulieren');
INSERT INTO Customer_improvments (Customer_id, improvments) VALUES (121, 'Haut um die Augen straffen, pflegen und Fältchen minimieren');
INSERT INTO Customer_sensitivities (Customer_id, sensitivities) VALUES (121, 'Nicht empfindlich');
INSERT INTO Customer_skinFeatures (Customer_id, skinFeatures) VALUES (121, 'Trockene Haut');
INSERT INTO Customer_skinFeatures (Customer_id, skinFeatures) VALUES (121, 'Fettige Haut');
INSERT INTO Customer (id, allergies, birthday, blemishes, city, forename, street, streetNumber, surname, zip) VALUES (122, 'Senf', 'ACED00057372000D6A6176612E74696D652E536572955D84BA1B2248B20C00007870770703000007E2091E78', 0, 'Berlüüün', 'Bugs', 'Straße', '14D', 'Bunny', 12020);
INSERT INTO Customer_currentSkinCare (Customer_id, currentSkinCare) VALUES (122, 'Maske');
INSERT INTO Customer_currentSkinCare (Customer_id, currentSkinCare) VALUES (122, 'Gesichtswasser');
INSERT INTO Customer_improvments (Customer_id, improvments) VALUES (122, 'Unreinheiten bekämpfen, überschüssiges Hautfett regulieren');
INSERT INTO Customer_improvments (Customer_id, improvments) VALUES (122, 'Haut um die Augen straffen, pflegen und Fältchen minimieren');
INSERT INTO Customer_sensitivities (Customer_id, sensitivities) VALUES (122, 'Nicht empfindlich');
INSERT INTO Customer_skinFeatures (Customer_id, skinFeatures) VALUES (122, 'Trockene Haut');
INSERT INTO Customer_skinFeatures (Customer_id, skinFeatures) VALUES (122, 'Fettige Haut');
INSERT INTO Customer (id, allergies, birthday, blemishes, city, forename, street, streetNumber, surname, zip) VALUES (123, 'Erdnüsse', 'ACED00057372000D6A6176612E74696D652E536572955D84BA1B2248B20C00007870770703000007E2091E78', 1, 'Berlüüün', 'Daisy', 'Straße', '14D', 'Duck', 12020);
INSERT INTO Customer_currentSkinCare (Customer_id, currentSkinCare) VALUES (123, 'Maske');
INSERT INTO Customer_currentSkinCare (Customer_id, currentSkinCare) VALUES (123, 'Gesichtswasser');
INSERT INTO Customer_improvments (Customer_id, improvments) VALUES (123, 'Unreinheiten bekämpfen, überschüssiges Hautfett regulieren');
INSERT INTO Customer_improvments (Customer_id, improvments) VALUES (123, 'Haut um die Augen straffen, pflegen und Fältchen minimieren');
INSERT INTO Customer_sensitivities (Customer_id, sensitivities) VALUES (123, 'Nicht empfindlich');
INSERT INTO Customer_skinFeatures (Customer_id, skinFeatures) VALUES (123, 'Trockene Haut');
INSERT INTO Customer_skinFeatures (Customer_id, skinFeatures) VALUES (123, 'Fettige Haut');
INSERT INTO Customer (id, allergies, birthday, blemishes, city, forename, street, streetNumber, surname, zip) VALUES (124, 'Mais', 'ACED00057372000D6A6176612E74696D652E536572955D84BA1B2248B20C00007870770703000007E2091E78', 1, 'Berlüüün', 'Donald', 'Straße', '14D', 'Duck', 12020);
INSERT INTO Customer_currentSkinCare (Customer_id, currentSkinCare) VALUES (124, 'Maske');
INSERT INTO Customer_currentSkinCare (Customer_id, currentSkinCare) VALUES (124, 'Gesichtswasser');
INSERT INTO Customer_improvments (Customer_id, improvments) VALUES (124, 'Unreinheiten bekämpfen, überschüssiges Hautfett regulieren');
INSERT INTO Customer_improvments (Customer_id, improvments) VALUES (124, 'Haut um die Augen straffen, pflegen und Fältchen minimieren');
INSERT INTO Customer_sensitivities (Customer_id, sensitivities) VALUES (124, 'Nicht empfindlich');
INSERT INTO Customer_skinFeatures (Customer_id, skinFeatures) VALUES (124, 'Trockene Haut');
INSERT INTO Customer_skinFeatures (Customer_id, skinFeatures) VALUES (124, 'Fettige Haut');
INSERT INTO Customer (id, allergies, birthday, blemishes, city, forename, street, streetNumber, surname, zip) VALUES (125, 'Soja', 'ACED00057372000D6A6176612E74696D652E536572955D84BA1B2248B20C00007870770703000007E2091E78', 1, 'Berlüüün', 'Nina', 'Straße', '14D', 'Hagen', 12020);
INSERT INTO Customer_currentSkinCare (Customer_id, currentSkinCare) VALUES (125, 'Maske');
INSERT INTO Customer_currentSkinCare (Customer_id, currentSkinCare) VALUES (125, 'Gesichtswasser');
INSERT INTO Customer_improvments (Customer_id, improvments) VALUES (125, 'Unreinheiten bekämpfen, überschüssiges Hautfett regulieren');
INSERT INTO Customer_improvments (Customer_id, improvments) VALUES (125, 'Haut um die Augen straffen, pflegen und Fältchen minimieren');
INSERT INTO Customer_sensitivities (Customer_id, sensitivities) VALUES (125, 'Nicht empfindlich');
INSERT INTO Customer_skinFeatures (Customer_id, skinFeatures) VALUES (125, 'Trockene Haut');
INSERT INTO Customer_skinFeatures (Customer_id, skinFeatures) VALUES (125, 'Fettige Haut');
INSERT INTO Customer (id, allergies, birthday, blemishes, city, forename, street, streetNumber, surname, zip) VALUES (126, 'Weizen', 'ACED00057372000D6A6176612E74696D652E536572955D84BA1B2248B20C00007870770703000007E2091E78', 1, 'Blub', 'Jennie', 'Straße', '14D', 'Musterfrau', 12020);
INSERT INTO Customer_currentSkinCare (Customer_id, currentSkinCare) VALUES (126, 'Maske');
INSERT INTO Customer_currentSkinCare (Customer_id, currentSkinCare) VALUES (126, 'Gesichtswasser');
INSERT INTO Customer_improvments (Customer_id, improvments) VALUES (126, 'Unreinheiten bekämpfen, überschüssiges Hautfett regulieren');
INSERT INTO Customer_improvments (Customer_id, improvments) VALUES (126, 'Haut um die Augen straffen, pflegen und Fältchen minimieren');
INSERT INTO Customer_sensitivities (Customer_id, sensitivities) VALUES (126, 'Nicht empfindlich');
INSERT INTO Customer_skinFeatures (Customer_id, skinFeatures) VALUES (126, 'Trockene Haut');
INSERT INTO Customer_skinFeatures (Customer_id, skinFeatures) VALUES (126, 'Fettige Haut');
INSERT INTO Customer (id, allergies, birthday, blemishes, city, forename, street, streetNumber, surname, zip) VALUES (127, 'Senf', 'ACED00057372000D6A6176612E74696D652E536572955D84BA1B2248B20C00007870770703000007E2091E78', 1, 'Berlüüün', 'Alexander', 'Straße', '14D', 'Mustermann', 12020);
INSERT INTO Customer_currentSkinCare (Customer_id, currentSkinCare) VALUES (127, 'Maske');
INSERT INTO Customer_currentSkinCare (Customer_id, currentSkinCare) VALUES (127, 'Gesichtswasser');
INSERT INTO Customer_improvments (Customer_id, improvments) VALUES (127, 'Unreinheiten bekämpfen, überschüssiges Hautfett regulieren');
INSERT INTO Customer_improvments (Customer_id, improvments) VALUES (127, 'Haut um die Augen straffen, pflegen und Fältchen minimieren');
INSERT INTO Customer_sensitivities (Customer_id, sensitivities) VALUES (127, 'Nicht empfindlich');
INSERT INTO Customer_skinFeatures (Customer_id, skinFeatures) VALUES (127, 'Trockene Haut');
INSERT INTO Customer_skinFeatures (Customer_id, skinFeatures) VALUES (127, 'Fettige Haut');
INSERT INTO Customer (id, allergies, birthday, blemishes, city, forename, street, streetNumber, surname, zip) VALUES (128, 'Senf', 'ACED00057372000D6A6176612E74696D652E536572955D84BA1B2248B20C00007870770703000007E2091E78', 0, 'Berlüüün', 'Bugs', 'Straße', '14D', 'Bunny', 12020);
INSERT INTO Customer_currentSkinCare (Customer_id, currentSkinCare) VALUES (128, 'Maske');
INSERT INTO Customer_currentSkinCare (Customer_id, currentSkinCare) VALUES (128, 'Gesichtswasser');
INSERT INTO Customer_improvments (Customer_id, improvments) VALUES (128, 'Unreinheiten bekämpfen, überschüssiges Hautfett regulieren');
INSERT INTO Customer_improvments (Customer_id, improvments) VALUES (128, 'Haut um die Augen straffen, pflegen und Fältchen minimieren');
INSERT INTO Customer_sensitivities (Customer_id, sensitivities) VALUES (128, 'Nicht empfindlich');
INSERT INTO Customer_skinFeatures (Customer_id, skinFeatures) VALUES (128, 'Trockene Haut');
INSERT INTO Customer_skinFeatures (Customer_id, skinFeatures) VALUES (128, 'Fettige Haut');
INSERT INTO Customer (id, allergies, birthday, blemishes, city, forename, street, streetNumber, surname, zip) VALUES (129, 'Erdnüsse', 'ACED00057372000D6A6176612E74696D652E536572955D84BA1B2248B20C00007870770703000007E2091E78', 1, 'Berlüüün', 'Daisy', 'Straße', '14D', 'Duck', 12020);
INSERT INTO Customer_currentSkinCare (Customer_id, currentSkinCare) VALUES (129, 'Maske');
INSERT INTO Customer_currentSkinCare (Customer_id, currentSkinCare) VALUES (129, 'Gesichtswasser');
INSERT INTO Customer_improvments (Customer_id, improvments) VALUES (129, 'Unreinheiten bekämpfen, überschüssiges Hautfett regulieren');
INSERT INTO Customer_improvments (Customer_id, improvments) VALUES (129, 'Haut um die Augen straffen, pflegen und Fältchen minimieren');
INSERT INTO Customer_sensitivities (Customer_id, sensitivities) VALUES (129, 'Nicht empfindlich');
INSERT INTO Customer_skinFeatures (Customer_id, skinFeatures) VALUES (129, 'Trockene Haut');
INSERT INTO Customer_skinFeatures (Customer_id, skinFeatures) VALUES (129, 'Fettige Haut');
INSERT INTO Customer (id, allergies, birthday, blemishes, city, forename, street, streetNumber, surname, zip) VALUES (130, 'Mais', 'ACED00057372000D6A6176612E74696D652E536572955D84BA1B2248B20C00007870770703000007E2091E78', 1, 'Berlüüün', 'Donald', 'Straße', '14D', 'Duck', 12020);
INSERT INTO Customer_currentSkinCare (Customer_id, currentSkinCare) VALUES (130, 'Maske');
INSERT INTO Customer_currentSkinCare (Customer_id, currentSkinCare) VALUES (130, 'Gesichtswasser');
INSERT INTO Customer_improvments (Customer_id, improvments) VALUES (130, 'Unreinheiten bekämpfen, überschüssiges Hautfett regulieren');
INSERT INTO Customer_improvments (Customer_id, improvments) VALUES (130, 'Haut um die Augen straffen, pflegen und Fältchen minimieren');
INSERT INTO Customer_sensitivities (Customer_id, sensitivities) VALUES (130, 'Nicht empfindlich');
INSERT INTO Customer_skinFeatures (Customer_id, skinFeatures) VALUES (130, 'Trockene Haut');
INSERT INTO Customer_skinFeatures (Customer_id, skinFeatures) VALUES (130, 'Fettige Haut');
INSERT INTO Customer (id, allergies, birthday, blemishes, city, forename, street, streetNumber, surname, zip) VALUES (131, 'Soja', 'ACED00057372000D6A6176612E74696D652E536572955D84BA1B2248B20C00007870770703000007E2091E78', 1, 'Berlüüün', 'Nina', 'Straße', '14D', 'Hagen', 12020);
INSERT INTO Customer_currentSkinCare (Customer_id, currentSkinCare) VALUES (131, 'Maske');
INSERT INTO Customer_currentSkinCare (Customer_id, currentSkinCare) VALUES (131, 'Gesichtswasser');
INSERT INTO Customer_improvments (Customer_id, improvments) VALUES (131, 'Unreinheiten bekämpfen, überschüssiges Hautfett regulieren');
INSERT INTO Customer_improvments (Customer_id, improvments) VALUES (131, 'Haut um die Augen straffen, pflegen und Fältchen minimieren');
INSERT INTO Customer_sensitivities (Customer_id, sensitivities) VALUES (131, 'Nicht empfindlich');
INSERT INTO Customer_skinFeatures (Customer_id, skinFeatures) VALUES (131, 'Trockene Haut');
INSERT INTO Customer_skinFeatures (Customer_id, skinFeatures) VALUES (131, 'Fettige Haut');
INSERT INTO Customer (id, allergies, birthday, blemishes, city, forename, street, streetNumber, surname, zip) VALUES (132, 'Weizen', 'ACED00057372000D6A6176612E74696D652E536572955D84BA1B2248B20C00007870770703000007E2091E78', 1, 'Blub', 'Jennie', 'Straße', '14D', 'Musterfrau', 12020);
INSERT INTO Customer_currentSkinCare (Customer_id, currentSkinCare) VALUES (132, 'Maske');
INSERT INTO Customer_currentSkinCare (Customer_id, currentSkinCare) VALUES (132, 'Gesichtswasser');
INSERT INTO Customer_improvments (Customer_id, improvments) VALUES (132, 'Unreinheiten bekämpfen, überschüssiges Hautfett regulieren');
INSERT INTO Customer_improvments (Customer_id, improvments) VALUES (132, 'Haut um die Augen straffen, pflegen und Fältchen minimieren');
INSERT INTO Customer_sensitivities (Customer_id, sensitivities) VALUES (132, 'Nicht empfindlich');
INSERT INTO Customer_skinFeatures (Customer_id, skinFeatures) VALUES (132, 'Trockene Haut');
INSERT INTO Customer_skinFeatures (Customer_id, skinFeatures) VALUES (132, 'Fettige Haut');
INSERT INTO Customer (id, allergies, birthday, blemishes, city, forename, street, streetNumber, surname, zip) VALUES (133, 'Senf', 'ACED00057372000D6A6176612E74696D652E536572955D84BA1B2248B20C00007870770703000007E2091E78', 1, 'Berlüüün', 'Alexander', 'Straße', '14D', 'Mustermann', 12020);
INSERT INTO Customer_currentSkinCare (Customer_id, currentSkinCare) VALUES (133, 'Maske');
INSERT INTO Customer_currentSkinCare (Customer_id, currentSkinCare) VALUES (133, 'Gesichtswasser');
INSERT INTO Customer_improvments (Customer_id, improvments) VALUES (133, 'Unreinheiten bekämpfen, überschüssiges Hautfett regulieren');
INSERT INTO Customer_improvments (Customer_id, improvments) VALUES (133, 'Haut um die Augen straffen, pflegen und Fältchen minimieren');
INSERT INTO Customer_sensitivities (Customer_id, sensitivities) VALUES (133, 'Nicht empfindlich');
INSERT INTO Customer_skinFeatures (Customer_id, skinFeatures) VALUES (133, 'Trockene Haut');
INSERT INTO Customer_skinFeatures (Customer_id, skinFeatures) VALUES (133, 'Fettige Haut');
INSERT INTO Customer (id, allergies, birthday, blemishes, city, forename, street, streetNumber, surname, zip) VALUES (134, 'Senf', 'ACED00057372000D6A6176612E74696D652E536572955D84BA1B2248B20C00007870770703000007E2091E78', 0, 'Berlüüün', 'Bugs', 'Straße', '14D', 'Bunny', 12020);
INSERT INTO Customer_currentSkinCare (Customer_id, currentSkinCare) VALUES (134, 'Maske');
INSERT INTO Customer_currentSkinCare (Customer_id, currentSkinCare) VALUES (134, 'Gesichtswasser');
INSERT INTO Customer_improvments (Customer_id, improvments) VALUES (134, 'Unreinheiten bekämpfen, überschüssiges Hautfett regulieren');
INSERT INTO Customer_improvments (Customer_id, improvments) VALUES (134, 'Haut um die Augen straffen, pflegen und Fältchen minimieren');
INSERT INTO Customer_sensitivities (Customer_id, sensitivities) VALUES (134, 'Nicht empfindlich');
INSERT INTO Customer_skinFeatures (Customer_id, skinFeatures) VALUES (134, 'Trockene Haut');
INSERT INTO Customer_skinFeatures (Customer_id, skinFeatures) VALUES (134, 'Fettige Haut');
INSERT INTO Customer (id, allergies, birthday, blemishes, city, forename, street, streetNumber, surname, zip) VALUES (135, 'Erdnüsse', 'ACED00057372000D6A6176612E74696D652E536572955D84BA1B2248B20C00007870770703000007E2091E78', 1, 'Berlüüün', 'Daisy', 'Straße', '14D', 'Duck', 12020);
INSERT INTO Customer_currentSkinCare (Customer_id, currentSkinCare) VALUES (135, 'Maske');
INSERT INTO Customer_currentSkinCare (Customer_id, currentSkinCare) VALUES (135, 'Gesichtswasser');
INSERT INTO Customer_improvments (Customer_id, improvments) VALUES (135, 'Unreinheiten bekämpfen, überschüssiges Hautfett regulieren');
INSERT INTO Customer_improvments (Customer_id, improvments) VALUES (135, 'Haut um die Augen straffen, pflegen und Fältchen minimieren');
INSERT INTO Customer_sensitivities (Customer_id, sensitivities) VALUES (135, 'Nicht empfindlich');
INSERT INTO Customer_skinFeatures (Customer_id, skinFeatures) VALUES (135, 'Trockene Haut');
INSERT INTO Customer_skinFeatures (Customer_id, skinFeatures) VALUES (135, 'Fettige Haut');
INSERT INTO Customer (id, allergies, birthday, blemishes, city, forename, street, streetNumber, surname, zip) VALUES (136, 'Mais', 'ACED00057372000D6A6176612E74696D652E536572955D84BA1B2248B20C00007870770703000007E2091E78', 1, 'Berlüüün', 'Donald', 'Straße', '14D', 'Duck', 12020);
INSERT INTO Customer_currentSkinCare (Customer_id, currentSkinCare) VALUES (136, 'Maske');
INSERT INTO Customer_currentSkinCare (Customer_id, currentSkinCare) VALUES (136, 'Gesichtswasser');
INSERT INTO Customer_improvments (Customer_id, improvments) VALUES (136, 'Unreinheiten bekämpfen, überschüssiges Hautfett regulieren');
INSERT INTO Customer_improvments (Customer_id, improvments) VALUES (136, 'Haut um die Augen straffen, pflegen und Fältchen minimieren');
INSERT INTO Customer_sensitivities (Customer_id, sensitivities) VALUES (136, 'Nicht empfindlich');
INSERT INTO Customer_skinFeatures (Customer_id, skinFeatures) VALUES (136, 'Trockene Haut');
INSERT INTO Customer_skinFeatures (Customer_id, skinFeatures) VALUES (136, 'Fettige Haut');
INSERT INTO Customer (id, allergies, birthday, blemishes, city, forename, street, streetNumber, surname, zip) VALUES (137, 'Soja', 'ACED00057372000D6A6176612E74696D652E536572955D84BA1B2248B20C00007870770703000007E2091E78', 1, 'Berlüüün', 'Nina', 'Straße', '14D', 'Hagen', 12020);
INSERT INTO Customer_currentSkinCare (Customer_id, currentSkinCare) VALUES (137, 'Maske');
INSERT INTO Customer_currentSkinCare (Customer_id, currentSkinCare) VALUES (137, 'Gesichtswasser');
INSERT INTO Customer_improvments (Customer_id, improvments) VALUES (137, 'Unreinheiten bekämpfen, überschüssiges Hautfett regulieren');
INSERT INTO Customer_improvments (Customer_id, improvments) VALUES (137, 'Haut um die Augen straffen, pflegen und Fältchen minimieren');
INSERT INTO Customer_sensitivities (Customer_id, sensitivities) VALUES (137, 'Nicht empfindlich');
INSERT INTO Customer_skinFeatures (Customer_id, skinFeatures) VALUES (137, 'Trockene Haut');
INSERT INTO Customer_skinFeatures (Customer_id, skinFeatures) VALUES (137, 'Fettige Haut');
INSERT INTO Customer (id, allergies, birthday, blemishes, city, forename, street, streetNumber, surname, zip) VALUES (138, 'Weizen', 'ACED00057372000D6A6176612E74696D652E536572955D84BA1B2248B20C00007870770703000007E2091E78', 1, 'Blub', 'Jennie', 'Straße', '14D', 'Musterfrau', 12020);
INSERT INTO Customer_currentSkinCare (Customer_id, currentSkinCare) VALUES (138, 'Maske');
INSERT INTO Customer_currentSkinCare (Customer_id, currentSkinCare) VALUES (138, 'Gesichtswasser');
INSERT INTO Customer_improvments (Customer_id, improvments) VALUES (138, 'Unreinheiten bekämpfen, überschüssiges Hautfett regulieren');
INSERT INTO Customer_improvments (Customer_id, improvments) VALUES (138, 'Haut um die Augen straffen, pflegen und Fältchen minimieren');
INSERT INTO Customer_sensitivities (Customer_id, sensitivities) VALUES (138, 'Nicht empfindlich');
INSERT INTO Customer_skinFeatures (Customer_id, skinFeatures) VALUES (138, 'Trockene Haut');
INSERT INTO Customer_skinFeatures (Customer_id, skinFeatures) VALUES (138, 'Fettige Haut');
INSERT INTO Customer (id, allergies, birthday, blemishes, city, forename, street, streetNumber, surname, zip) VALUES (139, 'Senf', 'ACED00057372000D6A6176612E74696D652E536572955D84BA1B2248B20C00007870770703000007E2091E78', 1, 'Berlüüün', 'Alexander', 'Straße', '14D', 'Mustermann', 12020);
INSERT INTO Customer_currentSkinCare (Customer_id, currentSkinCare) VALUES (139, 'Maske');
INSERT INTO Customer_currentSkinCare (Customer_id, currentSkinCare) VALUES (139, 'Gesichtswasser');
INSERT INTO Customer_improvments (Customer_id, improvments) VALUES (139, 'Unreinheiten bekämpfen, überschüssiges Hautfett regulieren');
INSERT INTO Customer_improvments (Customer_id, improvments) VALUES (139, 'Haut um die Augen straffen, pflegen und Fältchen minimieren');
INSERT INTO Customer_sensitivities (Customer_id, sensitivities) VALUES (139, 'Nicht empfindlich');
INSERT INTO Customer_skinFeatures (Customer_id, skinFeatures) VALUES (139, 'Trockene Haut');
INSERT INTO Customer_skinFeatures (Customer_id, skinFeatures) VALUES (139, 'Fettige Haut');
INSERT INTO Customer (id, allergies, birthday, blemishes, city, forename, street, streetNumber, surname, zip) VALUES (140, 'Senf', 'ACED00057372000D6A6176612E74696D652E536572955D84BA1B2248B20C00007870770703000007E2091E78', 0, 'Berlüüün', 'Bugs', 'Straße', '14D', 'Bunny', 12020);
INSERT INTO Customer_currentSkinCare (Customer_id, currentSkinCare) VALUES (140, 'Maske');
INSERT INTO Customer_currentSkinCare (Customer_id, currentSkinCare) VALUES (140, 'Gesichtswasser');
INSERT INTO Customer_improvments (Customer_id, improvments) VALUES (140, 'Unreinheiten bekämpfen, überschüssiges Hautfett regulieren');
INSERT INTO Customer_improvments (Customer_id, improvments) VALUES (140, 'Haut um die Augen straffen, pflegen und Fältchen minimieren');
INSERT INTO Customer_sensitivities (Customer_id, sensitivities) VALUES (140, 'Nicht empfindlich');
INSERT INTO Customer_skinFeatures (Customer_id, skinFeatures) VALUES (140, 'Trockene Haut');
INSERT INTO Customer_skinFeatures (Customer_id, skinFeatures) VALUES (140, 'Fettige Haut');
INSERT INTO Customer (id, allergies, birthday, blemishes, city, forename, street, streetNumber, surname, zip) VALUES (141, 'Erdnüsse', 'ACED00057372000D6A6176612E74696D652E536572955D84BA1B2248B20C00007870770703000007E2091E78', 1, 'Berlüüün', 'Daisy', 'Straße', '14D', 'Duck', 12020);
INSERT INTO Customer_currentSkinCare (Customer_id, currentSkinCare) VALUES (141, 'Maske');
INSERT INTO Customer_currentSkinCare (Customer_id, currentSkinCare) VALUES (141, 'Gesichtswasser');
INSERT INTO Customer_improvments (Customer_id, improvments) VALUES (141, 'Unreinheiten bekämpfen, überschüssiges Hautfett regulieren');
INSERT INTO Customer_improvments (Customer_id, improvments) VALUES (141, 'Haut um die Augen straffen, pflegen und Fältchen minimieren');
INSERT INTO Customer_sensitivities (Customer_id, sensitivities) VALUES (141, 'Nicht empfindlich');
INSERT INTO Customer_skinFeatures (Customer_id, skinFeatures) VALUES (141, 'Trockene Haut');
INSERT INTO Customer_skinFeatures (Customer_id, skinFeatures) VALUES (141, 'Fettige Haut');
INSERT INTO Customer (id, allergies, birthday, blemishes, city, forename, street, streetNumber, surname, zip) VALUES (142, 'Mais', 'ACED00057372000D6A6176612E74696D652E536572955D84BA1B2248B20C00007870770703000007E2091E78', 1, 'Berlüüün', 'Donald', 'Straße', '14D', 'Duck', 12020);
INSERT INTO Customer_currentSkinCare (Customer_id, currentSkinCare) VALUES (142, 'Maske');
INSERT INTO Customer_currentSkinCare (Customer_id, currentSkinCare) VALUES (142, 'Gesichtswasser');
INSERT INTO Customer_improvments (Customer_id, improvments) VALUES (142, 'Unreinheiten bekämpfen, überschüssiges Hautfett regulieren');
INSERT INTO Customer_improvments (Customer_id, improvments) VALUES (142, 'Haut um die Augen straffen, pflegen und Fältchen minimieren');
INSERT INTO Customer_sensitivities (Customer_id, sensitivities) VALUES (142, 'Nicht empfindlich');
INSERT INTO Customer_skinFeatures (Customer_id, skinFeatures) VALUES (142, 'Trockene Haut');
INSERT INTO Customer_skinFeatures (Customer_id, skinFeatures) VALUES (142, 'Fettige Haut');
INSERT INTO Customer (id, allergies, birthday, blemishes, city, forename, street, streetNumber, surname, zip) VALUES (143, 'Soja', 'ACED00057372000D6A6176612E74696D652E536572955D84BA1B2248B20C00007870770703000007E2091E78', 1, 'Berlüüün', 'Nina', 'Straße', '14D', 'Hagen', 12020);
INSERT INTO Customer_currentSkinCare (Customer_id, currentSkinCare) VALUES (143, 'Maske');
INSERT INTO Customer_currentSkinCare (Customer_id, currentSkinCare) VALUES (143, 'Gesichtswasser');
INSERT INTO Customer_improvments (Customer_id, improvments) VALUES (143, 'Unreinheiten bekämpfen, überschüssiges Hautfett regulieren');
INSERT INTO Customer_improvments (Customer_id, improvments) VALUES (143, 'Haut um die Augen straffen, pflegen und Fältchen minimieren');
INSERT INTO Customer_sensitivities (Customer_id, sensitivities) VALUES (143, 'Nicht empfindlich');
INSERT INTO Customer_skinFeatures (Customer_id, skinFeatures) VALUES (143, 'Trockene Haut');
INSERT INTO Customer_skinFeatures (Customer_id, skinFeatures) VALUES (143, 'Fettige Haut');
INSERT INTO Customer (id, allergies, birthday, blemishes, city, forename, street, streetNumber, surname, zip) VALUES (144, 'Weizen', 'ACED00057372000D6A6176612E74696D652E536572955D84BA1B2248B20C00007870770703000007E2091E78', 1, 'Blub', 'Jennie', 'Straße', '14D', 'Musterfrau', 12020);
INSERT INTO Customer_currentSkinCare (Customer_id, currentSkinCare) VALUES (144, 'Maske');
INSERT INTO Customer_currentSkinCare (Customer_id, currentSkinCare) VALUES (144, 'Gesichtswasser');
INSERT INTO Customer_improvments (Customer_id, improvments) VALUES (144, 'Unreinheiten bekämpfen, überschüssiges Hautfett regulieren');
INSERT INTO Customer_improvments (Customer_id, improvments) VALUES (144, 'Haut um die Augen straffen, pflegen und Fältchen minimieren');
INSERT INTO Customer_sensitivities (Customer_id, sensitivities) VALUES (144, 'Nicht empfindlich');
INSERT INTO Customer_skinFeatures (Customer_id, skinFeatures) VALUES (144, 'Trockene Haut');
INSERT INTO Customer_skinFeatures (Customer_id, skinFeatures) VALUES (144, 'Fettige Haut');
INSERT INTO Customer (id, allergies, birthday, blemishes, city, forename, street, streetNumber, surname, zip) VALUES (145, 'Senf', 'ACED00057372000D6A6176612E74696D652E536572955D84BA1B2248B20C00007870770703000007E2091E78', 1, 'Berlüüün', 'Alexander', 'Straße', '14D', 'Mustermann', 12020);
INSERT INTO Customer_currentSkinCare (Customer_id, currentSkinCare) VALUES (145, 'Maske');
INSERT INTO Customer_currentSkinCare (Customer_id, currentSkinCare) VALUES (145, 'Gesichtswasser');
INSERT INTO Customer_improvments (Customer_id, improvments) VALUES (145, 'Unreinheiten bekämpfen, überschüssiges Hautfett regulieren');
INSERT INTO Customer_improvments (Customer_id, improvments) VALUES (145, 'Haut um die Augen straffen, pflegen und Fältchen minimieren');
INSERT INTO Customer_sensitivities (Customer_id, sensitivities) VALUES (145, 'Nicht empfindlich');
INSERT INTO Customer_skinFeatures (Customer_id, skinFeatures) VALUES (145, 'Trockene Haut');
INSERT INTO Customer_skinFeatures (Customer_id, skinFeatures) VALUES (145, 'Fettige Haut');
INSERT INTO Customer (id, allergies, birthday, blemishes, city, forename, street, streetNumber, surname, zip) VALUES (146, 'Senf', 'ACED00057372000D6A6176612E74696D652E536572955D84BA1B2248B20C00007870770703000007E2091E78', 0, 'Berlüüün', 'Bugs', 'Straße', '14D', 'Bunny', 12020);
INSERT INTO Customer_currentSkinCare (Customer_id, currentSkinCare) VALUES (146, 'Maske');
INSERT INTO Customer_currentSkinCare (Customer_id, currentSkinCare) VALUES (146, 'Gesichtswasser');
INSERT INTO Customer_improvments (Customer_id, improvments) VALUES (146, 'Unreinheiten bekämpfen, überschüssiges Hautfett regulieren');
INSERT INTO Customer_improvments (Customer_id, improvments) VALUES (146, 'Haut um die Augen straffen, pflegen und Fältchen minimieren');
INSERT INTO Customer_sensitivities (Customer_id, sensitivities) VALUES (146, 'Nicht empfindlich');
INSERT INTO Customer_skinFeatures (Customer_id, skinFeatures) VALUES (146, 'Trockene Haut');
INSERT INTO Customer_skinFeatures (Customer_id, skinFeatures) VALUES (146, 'Fettige Haut');
INSERT INTO Customer (id, allergies, birthday, blemishes, city, forename, street, streetNumber, surname, zip) VALUES (147, 'Erdnüsse', 'ACED00057372000D6A6176612E74696D652E536572955D84BA1B2248B20C00007870770703000007E2091E78', 1, 'Berlüüün', 'Daisy', 'Straße', '14D', 'Duck', 12020);
INSERT INTO Customer_currentSkinCare (Customer_id, currentSkinCare) VALUES (147, 'Maske');
INSERT INTO Customer_currentSkinCare (Customer_id, currentSkinCare) VALUES (147, 'Gesichtswasser');
INSERT INTO Customer_improvments (Customer_id, improvments) VALUES (147, 'Unreinheiten bekämpfen, überschüssiges Hautfett regulieren');
INSERT INTO Customer_improvments (Customer_id, improvments) VALUES (147, 'Haut um die Augen straffen, pflegen und Fältchen minimieren');
INSERT INTO Customer_sensitivities (Customer_id, sensitivities) VALUES (147, 'Nicht empfindlich');
INSERT INTO Customer_skinFeatures (Customer_id, skinFeatures) VALUES (147, 'Trockene Haut');
INSERT INTO Customer_skinFeatures (Customer_id, skinFeatures) VALUES (147, 'Fettige Haut');
INSERT INTO Customer (id, allergies, birthday, blemishes, city, forename, street, streetNumber, surname, zip) VALUES (148, 'Mais', 'ACED00057372000D6A6176612E74696D652E536572955D84BA1B2248B20C00007870770703000007E2091E78', 1, 'Berlüüün', 'Donald', 'Straße', '14D', 'Duck', 12020);
INSERT INTO Customer_currentSkinCare (Customer_id, currentSkinCare) VALUES (148, 'Maske');
INSERT INTO Customer_currentSkinCare (Customer_id, currentSkinCare) VALUES (148, 'Gesichtswasser');
INSERT INTO Customer_improvments (Customer_id, improvments) VALUES (148, 'Unreinheiten bekämpfen, überschüssiges Hautfett regulieren');
INSERT INTO Customer_improvments (Customer_id, improvments) VALUES (148, 'Haut um die Augen straffen, pflegen und Fältchen minimieren');
INSERT INTO Customer_sensitivities (Customer_id, sensitivities) VALUES (148, 'Nicht empfindlich');
INSERT INTO Customer_skinFeatures (Customer_id, skinFeatures) VALUES (148, 'Trockene Haut');
INSERT INTO Customer_skinFeatures (Customer_id, skinFeatures) VALUES (148, 'Fettige Haut');
INSERT INTO Customer (id, allergies, birthday, blemishes, city, forename, street, streetNumber, surname, zip) VALUES (149, 'Soja', 'ACED00057372000D6A6176612E74696D652E536572955D84BA1B2248B20C00007870770703000007E2091E78', 1, 'Berlüüün', 'Nina', 'Straße', '14D', 'Hagen', 12020);
INSERT INTO Customer_currentSkinCare (Customer_id, currentSkinCare) VALUES (149, 'Maske');
INSERT INTO Customer_currentSkinCare (Customer_id, currentSkinCare) VALUES (149, 'Gesichtswasser');
INSERT INTO Customer_improvments (Customer_id, improvments) VALUES (149, 'Unreinheiten bekämpfen, überschüssiges Hautfett regulieren');
INSERT INTO Customer_improvments (Customer_id, improvments) VALUES (149, 'Haut um die Augen straffen, pflegen und Fältchen minimieren');
INSERT INTO Customer_sensitivities (Customer_id, sensitivities) VALUES (149, 'Nicht empfindlich');
INSERT INTO Customer_skinFeatures (Customer_id, skinFeatures) VALUES (149, 'Trockene Haut');
INSERT INTO Customer_skinFeatures (Customer_id, skinFeatures) VALUES (149, 'Fettige Haut');
INSERT INTO Customer (id, allergies, birthday, blemishes, city, forename, street, streetNumber, surname, zip) VALUES (150, 'Weizen', 'ACED00057372000D6A6176612E74696D652E536572955D84BA1B2248B20C00007870770703000007E2091E78', 1, 'Blub', 'Jennie', 'Straße', '14D', 'Musterfrau', 12020);
INSERT INTO Customer_currentSkinCare (Customer_id, currentSkinCare) VALUES (150, 'Maske');
INSERT INTO Customer_currentSkinCare (Customer_id, currentSkinCare) VALUES (150, 'Gesichtswasser');
INSERT INTO Customer_improvments (Customer_id, improvments) VALUES (150, 'Unreinheiten bekämpfen, überschüssiges Hautfett regulieren');
INSERT INTO Customer_improvments (Customer_id, improvments) VALUES (150, 'Haut um die Augen straffen, pflegen und Fältchen minimieren');
INSERT INTO Customer_sensitivities (Customer_id, sensitivities) VALUES (150, 'Nicht empfindlich');
INSERT INTO Customer_skinFeatures (Customer_id, skinFeatures) VALUES (150, 'Trockene Haut');
INSERT INTO Customer_skinFeatures (Customer_id, skinFeatures) VALUES (150, 'Fettige Haut');
INSERT INTO Customer (id, allergies, birthday, blemishes, city, forename, street, streetNumber, surname, zip) VALUES (151, 'Senf', 'ACED00057372000D6A6176612E74696D652E536572955D84BA1B2248B20C00007870770703000007E2091E78', 1, 'Berlüüün', 'Alexander', 'Straße', '14D', 'Mustermann', 12020);
INSERT INTO Customer_currentSkinCare (Customer_id, currentSkinCare) VALUES (151, 'Maske');
INSERT INTO Customer_currentSkinCare (Customer_id, currentSkinCare) VALUES (151, 'Gesichtswasser');
INSERT INTO Customer_improvments (Customer_id, improvments) VALUES (151, 'Unreinheiten bekämpfen, überschüssiges Hautfett regulieren');
INSERT INTO Customer_improvments (Customer_id, improvments) VALUES (151, 'Haut um die Augen straffen, pflegen und Fältchen minimieren');
INSERT INTO Customer_sensitivities (Customer_id, sensitivities) VALUES (151, 'Nicht empfindlich');
INSERT INTO Customer_skinFeatures (Customer_id, skinFeatures) VALUES (151, 'Trockene Haut');
INSERT INTO Customer_skinFeatures (Customer_id, skinFeatures) VALUES (151, 'Fettige Haut');
INSERT INTO Customer (id, allergies, birthday, blemishes, city, forename, street, streetNumber, surname, zip) VALUES (152, 'Senf', 'ACED00057372000D6A6176612E74696D652E536572955D84BA1B2248B20C00007870770703000007E2091E78', 0, 'Berlüüün', 'Bugs', 'Straße', '14D', 'Bunny', 12020);
INSERT INTO Customer_currentSkinCare (Customer_id, currentSkinCare) VALUES (152, 'Maske');
INSERT INTO Customer_currentSkinCare (Customer_id, currentSkinCare) VALUES (152, 'Gesichtswasser');
INSERT INTO Customer_improvments (Customer_id, improvments) VALUES (152, 'Unreinheiten bekämpfen, überschüssiges Hautfett regulieren');
INSERT INTO Customer_improvments (Customer_id, improvments) VALUES (152, 'Haut um die Augen straffen, pflegen und Fältchen minimieren');
INSERT INTO Customer_sensitivities (Customer_id, sensitivities) VALUES (152, 'Nicht empfindlich');
INSERT INTO Customer_skinFeatures (Customer_id, skinFeatures) VALUES (152, 'Trockene Haut');
INSERT INTO Customer_skinFeatures (Customer_id, skinFeatures) VALUES (152, 'Fettige Haut');
INSERT INTO Customer (id, allergies, birthday, blemishes, city, forename, street, streetNumber, surname, zip) VALUES (153, 'Erdnüsse', 'ACED00057372000D6A6176612E74696D652E536572955D84BA1B2248B20C00007870770703000007E2091E78', 1, 'Berlüüün', 'Daisy', 'Straße', '14D', 'Duck', 12020);
INSERT INTO Customer_currentSkinCare (Customer_id, currentSkinCare) VALUES (153, 'Maske');
INSERT INTO Customer_currentSkinCare (Customer_id, currentSkinCare) VALUES (153, 'Gesichtswasser');
INSERT INTO Customer_improvments (Customer_id, improvments) VALUES (153, 'Unreinheiten bekämpfen, überschüssiges Hautfett regulieren');
INSERT INTO Customer_improvments (Customer_id, improvments) VALUES (153, 'Haut um die Augen straffen, pflegen und Fältchen minimieren');
INSERT INTO Customer_sensitivities (Customer_id, sensitivities) VALUES (153, 'Nicht empfindlich');
INSERT INTO Customer_skinFeatures (Customer_id, skinFeatures) VALUES (153, 'Trockene Haut');
INSERT INTO Customer_skinFeatures (Customer_id, skinFeatures) VALUES (153, 'Fettige Haut');
INSERT INTO Customer (id, allergies, birthday, blemishes, city, forename, street, streetNumber, surname, zip) VALUES (154, 'Mais', 'ACED00057372000D6A6176612E74696D652E536572955D84BA1B2248B20C00007870770703000007E2091E78', 1, 'Berlüüün', 'Donald', 'Straße', '14D', 'Duck', 12020);
INSERT INTO Customer_currentSkinCare (Customer_id, currentSkinCare) VALUES (154, 'Maske');
INSERT INTO Customer_currentSkinCare (Customer_id, currentSkinCare) VALUES (154, 'Gesichtswasser');
INSERT INTO Customer_improvments (Customer_id, improvments) VALUES (154, 'Unreinheiten bekämpfen, überschüssiges Hautfett regulieren');
INSERT INTO Customer_improvments (Customer_id, improvments) VALUES (154, 'Haut um die Augen straffen, pflegen und Fältchen minimieren');
INSERT INTO Customer_sensitivities (Customer_id, sensitivities) VALUES (154, 'Nicht empfindlich');
INSERT INTO Customer_skinFeatures (Customer_id, skinFeatures) VALUES (154, 'Trockene Haut');
INSERT INTO Customer_skinFeatures (Customer_id, skinFeatures) VALUES (154, 'Fettige Haut');
INSERT INTO Customer (id, allergies, birthday, blemishes, city, forename, street, streetNumber, surname, zip) VALUES (155, 'Soja', 'ACED00057372000D6A6176612E74696D652E536572955D84BA1B2248B20C00007870770703000007E2091E78', 1, 'Berlüüün', 'Nina', 'Straße', '14D', 'Hagen', 12020);
INSERT INTO Customer_currentSkinCare (Customer_id, currentSkinCare) VALUES (155, 'Maske');
INSERT INTO Customer_currentSkinCare (Customer_id, currentSkinCare) VALUES (155, 'Gesichtswasser');
INSERT INTO Customer_improvments (Customer_id, improvments) VALUES (155, 'Unreinheiten bekämpfen, überschüssiges Hautfett regulieren');
INSERT INTO Customer_improvments (Customer_id, improvments) VALUES (155, 'Haut um die Augen straffen, pflegen und Fältchen minimieren');
INSERT INTO Customer_sensitivities (Customer_id, sensitivities) VALUES (155, 'Nicht empfindlich');
INSERT INTO Customer_skinFeatures (Customer_id, skinFeatures) VALUES (155, 'Trockene Haut');
INSERT INTO Customer_skinFeatures (Customer_id, skinFeatures) VALUES (155, 'Fettige Haut');
INSERT INTO Customer (id, allergies, birthday, blemishes, city, forename, street, streetNumber, surname, zip) VALUES (156, 'Weizen', 'ACED00057372000D6A6176612E74696D652E536572955D84BA1B2248B20C00007870770703000007E2091E78', 1, 'Blub', 'Jennie', 'Straße', '14D', 'Musterfrau', 12020);
INSERT INTO Customer_currentSkinCare (Customer_id, currentSkinCare) VALUES (156, 'Maske');
INSERT INTO Customer_currentSkinCare (Customer_id, currentSkinCare) VALUES (156, 'Gesichtswasser');
INSERT INTO Customer_improvments (Customer_id, improvments) VALUES (156, 'Unreinheiten bekämpfen, überschüssiges Hautfett regulieren');
INSERT INTO Customer_improvments (Customer_id, improvments) VALUES (156, 'Haut um die Augen straffen, pflegen und Fältchen minimieren');
INSERT INTO Customer_sensitivities (Customer_id, sensitivities) VALUES (156, 'Nicht empfindlich');
INSERT INTO Customer_skinFeatures (Customer_id, skinFeatures) VALUES (156, 'Trockene Haut');
INSERT INTO Customer_skinFeatures (Customer_id, skinFeatures) VALUES (156, 'Fettige Haut');
INSERT INTO Customer (id, allergies, birthday, blemishes, city, forename, street, streetNumber, surname, zip) VALUES (157, 'Senf', 'ACED00057372000D6A6176612E74696D652E536572955D84BA1B2248B20C00007870770703000007E2091E78', 1, 'Berlüüün', 'Alexander', 'Straße', '14D', 'Mustermann', 12020);
INSERT INTO Customer_currentSkinCare (Customer_id, currentSkinCare) VALUES (157, 'Maske');
INSERT INTO Customer_currentSkinCare (Customer_id, currentSkinCare) VALUES (157, 'Gesichtswasser');
INSERT INTO Customer_improvments (Customer_id, improvments) VALUES (157, 'Unreinheiten bekämpfen, überschüssiges Hautfett regulieren');
INSERT INTO Customer_improvments (Customer_id, improvments) VALUES (157, 'Haut um die Augen straffen, pflegen und Fältchen minimieren');
INSERT INTO Customer_sensitivities (Customer_id, sensitivities) VALUES (157, 'Nicht empfindlich');
INSERT INTO Customer_skinFeatures (Customer_id, skinFeatures) VALUES (157, 'Trockene Haut');
INSERT INTO Customer_skinFeatures (Customer_id, skinFeatures) VALUES (157, 'Fettige Haut');
INSERT INTO Customer (id, allergies, birthday, blemishes, city, forename, street, streetNumber, surname, zip) VALUES (158, 'Senf', 'ACED00057372000D6A6176612E74696D652E536572955D84BA1B2248B20C00007870770703000007E2091E78', 0, 'Berlüüün', 'Bugs', 'Straße', '14D', 'Bunny', 12020);
INSERT INTO Customer_currentSkinCare (Customer_id, currentSkinCare) VALUES (158, 'Maske');
INSERT INTO Customer_currentSkinCare (Customer_id, currentSkinCare) VALUES (158, 'Gesichtswasser');
INSERT INTO Customer_improvments (Customer_id, improvments) VALUES (158, 'Unreinheiten bekämpfen, überschüssiges Hautfett regulieren');
INSERT INTO Customer_improvments (Customer_id, improvments) VALUES (158, 'Haut um die Augen straffen, pflegen und Fältchen minimieren');
INSERT INTO Customer_sensitivities (Customer_id, sensitivities) VALUES (158, 'Nicht empfindlich');
INSERT INTO Customer_skinFeatures (Customer_id, skinFeatures) VALUES (158, 'Trockene Haut');
INSERT INTO Customer_skinFeatures (Customer_id, skinFeatures) VALUES (158, 'Fettige Haut');
INSERT INTO Customer (id, allergies, birthday, blemishes, city, forename, street, streetNumber, surname, zip) VALUES (159, 'Erdnüsse', 'ACED00057372000D6A6176612E74696D652E536572955D84BA1B2248B20C00007870770703000007E2091E78', 1, 'Berlüüün', 'Daisy', 'Straße', '14D', 'Duck', 12020);
INSERT INTO Customer_currentSkinCare (Customer_id, currentSkinCare) VALUES (159, 'Maske');
INSERT INTO Customer_currentSkinCare (Customer_id, currentSkinCare) VALUES (159, 'Gesichtswasser');
INSERT INTO Customer_improvments (Customer_id, improvments) VALUES (159, 'Unreinheiten bekämpfen, überschüssiges Hautfett regulieren');
INSERT INTO Customer_improvments (Customer_id, improvments) VALUES (159, 'Haut um die Augen straffen, pflegen und Fältchen minimieren');
INSERT INTO Customer_sensitivities (Customer_id, sensitivities) VALUES (159, 'Nicht empfindlich');
INSERT INTO Customer_skinFeatures (Customer_id, skinFeatures) VALUES (159, 'Trockene Haut');
INSERT INTO Customer_skinFeatures (Customer_id, skinFeatures) VALUES (159, 'Fettige Haut');
INSERT INTO Customer (id, allergies, birthday, blemishes, city, forename, street, streetNumber, surname, zip) VALUES (160, 'Mais', 'ACED00057372000D6A6176612E74696D652E536572955D84BA1B2248B20C00007870770703000007E2091E78', 1, 'Berlüüün', 'Donald', 'Straße', '14D', 'Duck', 12020);
INSERT INTO Customer_currentSkinCare (Customer_id, currentSkinCare) VALUES (160, 'Maske');
INSERT INTO Customer_currentSkinCare (Customer_id, currentSkinCare) VALUES (160, 'Gesichtswasser');
INSERT INTO Customer_improvments (Customer_id, improvments) VALUES (160, 'Unreinheiten bekämpfen, überschüssiges Hautfett regulieren');
INSERT INTO Customer_improvments (Customer_id, improvments) VALUES (160, 'Haut um die Augen straffen, pflegen und Fältchen minimieren');
INSERT INTO Customer_sensitivities (Customer_id, sensitivities) VALUES (160, 'Nicht empfindlich');
INSERT INTO Customer_skinFeatures (Customer_id, skinFeatures) VALUES (160, 'Trockene Haut');
INSERT INTO Customer_skinFeatures (Customer_id, skinFeatures) VALUES (160, 'Fettige Haut');
INSERT INTO Customer (id, allergies, birthday, blemishes, city, forename, street, streetNumber, surname, zip) VALUES (161, 'Soja', 'ACED00057372000D6A6176612E74696D652E536572955D84BA1B2248B20C00007870770703000007E2091E78', 1, 'Berlüüün', 'Nina', 'Straße', '14D', 'Hagen', 12020);
INSERT INTO Customer_currentSkinCare (Customer_id, currentSkinCare) VALUES (161, 'Maske');
INSERT INTO Customer_currentSkinCare (Customer_id, currentSkinCare) VALUES (161, 'Gesichtswasser');
INSERT INTO Customer_improvments (Customer_id, improvments) VALUES (161, 'Unreinheiten bekämpfen, überschüssiges Hautfett regulieren');
INSERT INTO Customer_improvments (Customer_id, improvments) VALUES (161, 'Haut um die Augen straffen, pflegen und Fältchen minimieren');
INSERT INTO Customer_sensitivities (Customer_id, sensitivities) VALUES (161, 'Nicht empfindlich');
INSERT INTO Customer_skinFeatures (Customer_id, skinFeatures) VALUES (161, 'Trockene Haut');
INSERT INTO Customer_skinFeatures (Customer_id, skinFeatures) VALUES (161, 'Fettige Haut');
INSERT INTO Customer (id, allergies, birthday, blemishes, city, forename, street, streetNumber, surname, zip) VALUES (162, 'Weizen', 'ACED00057372000D6A6176612E74696D652E536572955D84BA1B2248B20C00007870770703000007E2091E78', 1, 'Blub', 'Jennie', 'Straße', '14D', 'Musterfrau', 12020);
INSERT INTO Customer_currentSkinCare (Customer_id, currentSkinCare) VALUES (162, 'Maske');
INSERT INTO Customer_currentSkinCare (Customer_id, currentSkinCare) VALUES (162, 'Gesichtswasser');
INSERT INTO Customer_improvments (Customer_id, improvments) VALUES (162, 'Unreinheiten bekämpfen, überschüssiges Hautfett regulieren');
INSERT INTO Customer_improvments (Customer_id, improvments) VALUES (162, 'Haut um die Augen straffen, pflegen und Fältchen minimieren');
INSERT INTO Customer_sensitivities (Customer_id, sensitivities) VALUES (162, 'Nicht empfindlich');
INSERT INTO Customer_skinFeatures (Customer_id, skinFeatures) VALUES (162, 'Trockene Haut');
INSERT INTO Customer_skinFeatures (Customer_id, skinFeatures) VALUES (162, 'Fettige Haut');
INSERT INTO Customer (id, allergies, birthday, blemishes, city, forename, street, streetNumber, surname, zip) VALUES (163, 'Senf', 'ACED00057372000D6A6176612E74696D652E536572955D84BA1B2248B20C00007870770703000007E2091E78', 1, 'Berlüüün', 'Alexander', 'Straße', '14D', 'Mustermann', 12020);
INSERT INTO Customer_currentSkinCare (Customer_id, currentSkinCare) VALUES (163, 'Maske');
INSERT INTO Customer_currentSkinCare (Customer_id, currentSkinCare) VALUES (163, 'Gesichtswasser');
INSERT INTO Customer_improvments (Customer_id, improvments) VALUES (163, 'Unreinheiten bekämpfen, überschüssiges Hautfett regulieren');
INSERT INTO Customer_improvments (Customer_id, improvments) VALUES (163, 'Haut um die Augen straffen, pflegen und Fältchen minimieren');
INSERT INTO Customer_sensitivities (Customer_id, sensitivities) VALUES (163, 'Nicht empfindlich');
INSERT INTO Customer_skinFeatures (Customer_id, skinFeatures) VALUES (163, 'Trockene Haut');
INSERT INTO Customer_skinFeatures (Customer_id, skinFeatures) VALUES (163, 'Fettige Haut');
INSERT INTO Customer (id, allergies, birthday, blemishes, city, forename, street, streetNumber, surname, zip) VALUES (164, 'Senf', 'ACED00057372000D6A6176612E74696D652E536572955D84BA1B2248B20C00007870770703000007E2091E78', 0, 'Berlüüün', 'Bugs', 'Straße', '14D', 'Bunny', 12020);
INSERT INTO Customer_currentSkinCare (Customer_id, currentSkinCare) VALUES (164, 'Maske');
INSERT INTO Customer_currentSkinCare (Customer_id, currentSkinCare) VALUES (164, 'Gesichtswasser');
INSERT INTO Customer_improvments (Customer_id, improvments) VALUES (164, 'Unreinheiten bekämpfen, überschüssiges Hautfett regulieren');
INSERT INTO Customer_improvments (Customer_id, improvments) VALUES (164, 'Haut um die Augen straffen, pflegen und Fältchen minimieren');
INSERT INTO Customer_sensitivities (Customer_id, sensitivities) VALUES (164, 'Nicht empfindlich');
INSERT INTO Customer_skinFeatures (Customer_id, skinFeatures) VALUES (164, 'Trockene Haut');
INSERT INTO Customer_skinFeatures (Customer_id, skinFeatures) VALUES (164, 'Fettige Haut');
INSERT INTO Customer (id, allergies, birthday, blemishes, city, forename, street, streetNumber, surname, zip) VALUES (165, 'Erdnüsse', 'ACED00057372000D6A6176612E74696D652E536572955D84BA1B2248B20C00007870770703000007E2091E78', 1, 'Berlüüün', 'Daisy', 'Straße', '14D', 'Duck', 12020);
INSERT INTO Customer_currentSkinCare (Customer_id, currentSkinCare) VALUES (165, 'Maske');
INSERT INTO Customer_currentSkinCare (Customer_id, currentSkinCare) VALUES (165, 'Gesichtswasser');
INSERT INTO Customer_improvments (Customer_id, improvments) VALUES (165, 'Unreinheiten bekämpfen, überschüssiges Hautfett regulieren');
INSERT INTO Customer_improvments (Customer_id, improvments) VALUES (165, 'Haut um die Augen straffen, pflegen und Fältchen minimieren');
INSERT INTO Customer_sensitivities (Customer_id, sensitivities) VALUES (165, 'Nicht empfindlich');
INSERT INTO Customer_skinFeatures (Customer_id, skinFeatures) VALUES (165, 'Trockene Haut');
INSERT INTO Customer_skinFeatures (Customer_id, skinFeatures) VALUES (165, 'Fettige Haut');
INSERT INTO Customer (id, allergies, birthday, blemishes, city, forename, street, streetNumber, surname, zip) VALUES (166, 'Mais', 'ACED00057372000D6A6176612E74696D652E536572955D84BA1B2248B20C00007870770703000007E2091E78', 1, 'Berlüüün', 'Donald', 'Straße', '14D', 'Duck', 12020);
INSERT INTO Customer_currentSkinCare (Customer_id, currentSkinCare) VALUES (166, 'Maske');
INSERT INTO Customer_currentSkinCare (Customer_id, currentSkinCare) VALUES (166, 'Gesichtswasser');
INSERT INTO Customer_improvments (Customer_id, improvments) VALUES (166, 'Unreinheiten bekämpfen, überschüssiges Hautfett regulieren');
INSERT INTO Customer_improvments (Customer_id, improvments) VALUES (166, 'Haut um die Augen straffen, pflegen und Fältchen minimieren');
INSERT INTO Customer_sensitivities (Customer_id, sensitivities) VALUES (166, 'Nicht empfindlich');
INSERT INTO Customer_skinFeatures (Customer_id, skinFeatures) VALUES (166, 'Trockene Haut');
INSERT INTO Customer_skinFeatures (Customer_id, skinFeatures) VALUES (166, 'Fettige Haut');
INSERT INTO Customer (id, allergies, birthday, blemishes, city, forename, street, streetNumber, surname, zip) VALUES (167, 'Soja', 'ACED00057372000D6A6176612E74696D652E536572955D84BA1B2248B20C00007870770703000007E2091E78', 1, 'Berlüüün', 'Nina', 'Straße', '14D', 'Hagen', 12020);
INSERT INTO Customer_currentSkinCare (Customer_id, currentSkinCare) VALUES (167, 'Maske');
INSERT INTO Customer_currentSkinCare (Customer_id, currentSkinCare) VALUES (167, 'Gesichtswasser');
INSERT INTO Customer_improvments (Customer_id, improvments) VALUES (167, 'Unreinheiten bekämpfen, überschüssiges Hautfett regulieren');
INSERT INTO Customer_improvments (Customer_id, improvments) VALUES (167, 'Haut um die Augen straffen, pflegen und Fältchen minimieren');
INSERT INTO Customer_sensitivities (Customer_id, sensitivities) VALUES (167, 'Nicht empfindlich');
INSERT INTO Customer_skinFeatures (Customer_id, skinFeatures) VALUES (167, 'Trockene Haut');
INSERT INTO Customer_skinFeatures (Customer_id, skinFeatures) VALUES (167, 'Fettige Haut');
INSERT INTO Customer (id, allergies, birthday, blemishes, city, forename, street, streetNumber, surname, zip) VALUES (168, 'Weizen', 'ACED00057372000D6A6176612E74696D652E536572955D84BA1B2248B20C00007870770703000007E2091E78', 1, 'Blub', 'Jennie', 'Straße', '14D', 'Musterfrau', 12020);
INSERT INTO Customer_currentSkinCare (Customer_id, currentSkinCare) VALUES (168, 'Maske');
INSERT INTO Customer_currentSkinCare (Customer_id, currentSkinCare) VALUES (168, 'Gesichtswasser');
INSERT INTO Customer_improvments (Customer_id, improvments) VALUES (168, 'Unreinheiten bekämpfen, überschüssiges Hautfett regulieren');
INSERT INTO Customer_improvments (Customer_id, improvments) VALUES (168, 'Haut um die Augen straffen, pflegen und Fältchen minimieren');
INSERT INTO Customer_sensitivities (Customer_id, sensitivities) VALUES (168, 'Nicht empfindlich');
INSERT INTO Customer_skinFeatures (Customer_id, skinFeatures) VALUES (168, 'Trockene Haut');
INSERT INTO Customer_skinFeatures (Customer_id, skinFeatures) VALUES (168, 'Fettige Haut');
INSERT INTO Customer (id, allergies, birthday, blemishes, city, forename, street, streetNumber, surname, zip) VALUES (169, 'Senf', 'ACED00057372000D6A6176612E74696D652E536572955D84BA1B2248B20C00007870770703000007E2091E78', 1, 'Berlüüün', 'Alexander', 'Straße', '14D', 'Mustermann', 12020);
INSERT INTO Customer_currentSkinCare (Customer_id, currentSkinCare) VALUES (169, 'Maske');
INSERT INTO Customer_currentSkinCare (Customer_id, currentSkinCare) VALUES (169, 'Gesichtswasser');
INSERT INTO Customer_improvments (Customer_id, improvments) VALUES (169, 'Unreinheiten bekämpfen, überschüssiges Hautfett regulieren');
INSERT INTO Customer_improvments (Customer_id, improvments) VALUES (169, 'Haut um die Augen straffen, pflegen und Fältchen minimieren');
INSERT INTO Customer_sensitivities (Customer_id, sensitivities) VALUES (169, 'Nicht empfindlich');
INSERT INTO Customer_skinFeatures (Customer_id, skinFeatures) VALUES (169, 'Trockene Haut');
INSERT INTO Customer_skinFeatures (Customer_id, skinFeatures) VALUES (169, 'Fettige Haut');
INSERT INTO Customer (id, allergies, birthday, blemishes, city, forename, street, streetNumber, surname, zip) VALUES (170, 'Senf', 'ACED00057372000D6A6176612E74696D652E536572955D84BA1B2248B20C00007870770703000007E2091E78', 0, 'Berlüüün', 'Bugs', 'Straße', '14D', 'Bunny', 12020);
INSERT INTO Customer_currentSkinCare (Customer_id, currentSkinCare) VALUES (170, 'Maske');
INSERT INTO Customer_currentSkinCare (Customer_id, currentSkinCare) VALUES (170, 'Gesichtswasser');
INSERT INTO Customer_improvments (Customer_id, improvments) VALUES (170, 'Unreinheiten bekämpfen, überschüssiges Hautfett regulieren');
INSERT INTO Customer_improvments (Customer_id, improvments) VALUES (170, 'Haut um die Augen straffen, pflegen und Fältchen minimieren');
INSERT INTO Customer_sensitivities (Customer_id, sensitivities) VALUES (170, 'Nicht empfindlich');
INSERT INTO Customer_skinFeatures (Customer_id, skinFeatures) VALUES (170, 'Trockene Haut');
INSERT INTO Customer_skinFeatures (Customer_id, skinFeatures) VALUES (170, 'Fettige Haut');
INSERT INTO Customer (id, allergies, birthday, blemishes, city, forename, street, streetNumber, surname, zip) VALUES (171, 'Erdnüsse', 'ACED00057372000D6A6176612E74696D652E536572955D84BA1B2248B20C00007870770703000007E2091E78', 1, 'Berlüüün', 'Daisy', 'Straße', '14D', 'Duck', 12020);
INSERT INTO Customer_currentSkinCare (Customer_id, currentSkinCare) VALUES (171, 'Maske');
INSERT INTO Customer_currentSkinCare (Customer_id, currentSkinCare) VALUES (171, 'Gesichtswasser');
INSERT INTO Customer_improvments (Customer_id, improvments) VALUES (171, 'Unreinheiten bekämpfen, überschüssiges Hautfett regulieren');
INSERT INTO Customer_improvments (Customer_id, improvments) VALUES (171, 'Haut um die Augen straffen, pflegen und Fältchen minimieren');
INSERT INTO Customer_sensitivities (Customer_id, sensitivities) VALUES (171, 'Nicht empfindlich');
INSERT INTO Customer_skinFeatures (Customer_id, skinFeatures) VALUES (171, 'Trockene Haut');
INSERT INTO Customer_skinFeatures (Customer_id, skinFeatures) VALUES (171, 'Fettige Haut');
INSERT INTO Customer (id, allergies, birthday, blemishes, city, forename, street, streetNumber, surname, zip) VALUES (172, 'Mais', 'ACED00057372000D6A6176612E74696D652E536572955D84BA1B2248B20C00007870770703000007E2091E78', 1, 'Berlüüün', 'Donald', 'Straße', '14D', 'Duck', 12020);
INSERT INTO Customer_currentSkinCare (Customer_id, currentSkinCare) VALUES (172, 'Maske');
INSERT INTO Customer_currentSkinCare (Customer_id, currentSkinCare) VALUES (172, 'Gesichtswasser');
INSERT INTO Customer_improvments (Customer_id, improvments) VALUES (172, 'Unreinheiten bekämpfen, überschüssiges Hautfett regulieren');
INSERT INTO Customer_improvments (Customer_id, improvments) VALUES (172, 'Haut um die Augen straffen, pflegen und Fältchen minimieren');
INSERT INTO Customer_sensitivities (Customer_id, sensitivities) VALUES (172, 'Nicht empfindlich');
INSERT INTO Customer_skinFeatures (Customer_id, skinFeatures) VALUES (172, 'Trockene Haut');
INSERT INTO Customer_skinFeatures (Customer_id, skinFeatures) VALUES (172, 'Fettige Haut');
INSERT INTO Customer (id, allergies, birthday, blemishes, city, forename, street, streetNumber, surname, zip) VALUES (173, 'Soja', 'ACED00057372000D6A6176612E74696D652E536572955D84BA1B2248B20C00007870770703000007E2091E78', 1, 'Berlüüün', 'Nina', 'Straße', '14D', 'Hagen', 12020);
INSERT INTO Customer_currentSkinCare (Customer_id, currentSkinCare) VALUES (173, 'Maske');
INSERT INTO Customer_currentSkinCare (Customer_id, currentSkinCare) VALUES (173, 'Gesichtswasser');
INSERT INTO Customer_improvments (Customer_id, improvments) VALUES (173, 'Unreinheiten bekämpfen, überschüssiges Hautfett regulieren');
INSERT INTO Customer_improvments (Customer_id, improvments) VALUES (173, 'Haut um die Augen straffen, pflegen und Fältchen minimieren');
INSERT INTO Customer_sensitivities (Customer_id, sensitivities) VALUES (173, 'Nicht empfindlich');
INSERT INTO Customer_skinFeatures (Customer_id, skinFeatures) VALUES (173, 'Trockene Haut');
INSERT INTO Customer_skinFeatures (Customer_id, skinFeatures) VALUES (173, 'Fettige Haut');
INSERT INTO Customer (id, allergies, birthday, blemishes, city, forename, street, streetNumber, surname, zip) VALUES (174, 'Weizen', 'ACED00057372000D6A6176612E74696D652E536572955D84BA1B2248B20C00007870770703000007E2091E78', 1, 'Blub', 'Jennie', 'Straße', '14D', 'Musterfrau', 12020);
INSERT INTO Customer_currentSkinCare (Customer_id, currentSkinCare) VALUES (174, 'Maske');
INSERT INTO Customer_currentSkinCare (Customer_id, currentSkinCare) VALUES (174, 'Gesichtswasser');
INSERT INTO Customer_improvments (Customer_id, improvments) VALUES (174, 'Unreinheiten bekämpfen, überschüssiges Hautfett regulieren');
INSERT INTO Customer_improvments (Customer_id, improvments) VALUES (174, 'Haut um die Augen straffen, pflegen und Fältchen minimieren');
INSERT INTO Customer_sensitivities (Customer_id, sensitivities) VALUES (174, 'Nicht empfindlich');
INSERT INTO Customer_skinFeatures (Customer_id, skinFeatures) VALUES (174, 'Trockene Haut');
INSERT INTO Customer_skinFeatures (Customer_id, skinFeatures) VALUES (174, 'Fettige Haut');
INSERT INTO Customer (id, allergies, birthday, blemishes, city, forename, street, streetNumber, surname, zip) VALUES (175, 'Senf', 'ACED00057372000D6A6176612E74696D652E536572955D84BA1B2248B20C00007870770703000007E2091E78', 1, 'Berlüüün', 'Alexander', 'Straße', '14D', 'Mustermann', 12020);
INSERT INTO Customer_currentSkinCare (Customer_id, currentSkinCare) VALUES (175, 'Maske');
INSERT INTO Customer_currentSkinCare (Customer_id, currentSkinCare) VALUES (175, 'Gesichtswasser');
INSERT INTO Customer_improvments (Customer_id, improvments) VALUES (175, 'Unreinheiten bekämpfen, überschüssiges Hautfett regulieren');
INSERT INTO Customer_improvments (Customer_id, improvments) VALUES (175, 'Haut um die Augen straffen, pflegen und Fältchen minimieren');
INSERT INTO Customer_sensitivities (Customer_id, sensitivities) VALUES (175, 'Nicht empfindlich');
INSERT INTO Customer_skinFeatures (Customer_id, skinFeatures) VALUES (175, 'Trockene Haut');
INSERT INTO Customer_skinFeatures (Customer_id, skinFeatures) VALUES (175, 'Fettige Haut');
INSERT INTO Customer (id, allergies, birthday, blemishes, city, forename, street, streetNumber, surname, zip) VALUES (176, 'Senf', 'ACED00057372000D6A6176612E74696D652E536572955D84BA1B2248B20C00007870770703000007E2091E78', 0, 'Berlüüün', 'Bugs', 'Straße', '14D', 'Bunny', 12020);
INSERT INTO Customer_currentSkinCare (Customer_id, currentSkinCare) VALUES (176, 'Maske');
INSERT INTO Customer_currentSkinCare (Customer_id, currentSkinCare) VALUES (176, 'Gesichtswasser');
INSERT INTO Customer_improvments (Customer_id, improvments) VALUES (176, 'Unreinheiten bekämpfen, überschüssiges Hautfett regulieren');
INSERT INTO Customer_improvments (Customer_id, improvments) VALUES (176, 'Haut um die Augen straffen, pflegen und Fältchen minimieren');
INSERT INTO Customer_sensitivities (Customer_id, sensitivities) VALUES (176, 'Nicht empfindlich');
INSERT INTO Customer_skinFeatures (Customer_id, skinFeatures) VALUES (176, 'Trockene Haut');
INSERT INTO Customer_skinFeatures (Customer_id, skinFeatures) VALUES (176, 'Fettige Haut');
INSERT INTO Customer (id, allergies, birthday, blemishes, city, forename, street, streetNumber, surname, zip) VALUES (177, 'Erdnüsse', 'ACED00057372000D6A6176612E74696D652E536572955D84BA1B2248B20C00007870770703000007E2091E78', 1, 'Berlüüün', 'Daisy', 'Straße', '14D', 'Duck', 12020);
INSERT INTO Customer_currentSkinCare (Customer_id, currentSkinCare) VALUES (177, 'Maske');
INSERT INTO Customer_currentSkinCare (Customer_id, currentSkinCare) VALUES (177, 'Gesichtswasser');
INSERT INTO Customer_improvments (Customer_id, improvments) VALUES (177, 'Unreinheiten bekämpfen, überschüssiges Hautfett regulieren');
INSERT INTO Customer_improvments (Customer_id, improvments) VALUES (177, 'Haut um die Augen straffen, pflegen und Fältchen minimieren');
INSERT INTO Customer_sensitivities (Customer_id, sensitivities) VALUES (177, 'Nicht empfindlich');
INSERT INTO Customer_skinFeatures (Customer_id, skinFeatures) VALUES (177, 'Trockene Haut');
INSERT INTO Customer_skinFeatures (Customer_id, skinFeatures) VALUES (177, 'Fettige Haut');
INSERT INTO Customer (id, allergies, birthday, blemishes, city, forename, street, streetNumber, surname, zip) VALUES (178, 'Mais', 'ACED00057372000D6A6176612E74696D652E536572955D84BA1B2248B20C00007870770703000007E2091E78', 1, 'Berlüüün', 'Donald', 'Straße', '14D', 'Duck', 12020);
INSERT INTO Customer_currentSkinCare (Customer_id, currentSkinCare) VALUES (178, 'Maske');
INSERT INTO Customer_currentSkinCare (Customer_id, currentSkinCare) VALUES (178, 'Gesichtswasser');
INSERT INTO Customer_improvments (Customer_id, improvments) VALUES (178, 'Unreinheiten bekämpfen, überschüssiges Hautfett regulieren');
INSERT INTO Customer_improvments (Customer_id, improvments) VALUES (178, 'Haut um die Augen straffen, pflegen und Fältchen minimieren');
INSERT INTO Customer_sensitivities (Customer_id, sensitivities) VALUES (178, 'Nicht empfindlich');
INSERT INTO Customer_skinFeatures (Customer_id, skinFeatures) VALUES (178, 'Trockene Haut');
INSERT INTO Customer_skinFeatures (Customer_id, skinFeatures) VALUES (178, 'Fettige Haut');
INSERT INTO Customer (id, allergies, birthday, blemishes, city, forename, street, streetNumber, surname, zip) VALUES (179, 'Soja', 'ACED00057372000D6A6176612E74696D652E536572955D84BA1B2248B20C00007870770703000007E2091E78', 1, 'Berlüüün', 'Nina', 'Straße', '14D', 'Hagen', 12020);
INSERT INTO Customer_currentSkinCare (Customer_id, currentSkinCare) VALUES (179, 'Maske');
INSERT INTO Customer_currentSkinCare (Customer_id, currentSkinCare) VALUES (179, 'Gesichtswasser');
INSERT INTO Customer_improvments (Customer_id, improvments) VALUES (179, 'Unreinheiten bekämpfen, überschüssiges Hautfett regulieren');
INSERT INTO Customer_improvments (Customer_id, improvments) VALUES (179, 'Haut um die Augen straffen, pflegen und Fältchen minimieren');
INSERT INTO Customer_sensitivities (Customer_id, sensitivities) VALUES (179, 'Nicht empfindlich');
INSERT INTO Customer_skinFeatures (Customer_id, skinFeatures) VALUES (179, 'Trockene Haut');
INSERT INTO Customer_skinFeatures (Customer_id, skinFeatures) VALUES (179, 'Fettige Haut');
INSERT INTO Customer (id, allergies, birthday, blemishes, city, forename, street, streetNumber, surname, zip) VALUES (180, 'Weizen', 'ACED00057372000D6A6176612E74696D652E536572955D84BA1B2248B20C00007870770703000007E2091E78', 1, 'Blub', 'Jennie', 'Straße', '14D', 'Musterfrau', 12020);
INSERT INTO Customer_currentSkinCare (Customer_id, currentSkinCare) VALUES (180, 'Maske');
INSERT INTO Customer_currentSkinCare (Customer_id, currentSkinCare) VALUES (180, 'Gesichtswasser');
INSERT INTO Customer_improvments (Customer_id, improvments) VALUES (180, 'Unreinheiten bekämpfen, überschüssiges Hautfett regulieren');
INSERT INTO Customer_improvments (Customer_id, improvments) VALUES (180, 'Haut um die Augen straffen, pflegen und Fältchen minimieren');
INSERT INTO Customer_sensitivities (Customer_id, sensitivities) VALUES (180, 'Nicht empfindlich');
INSERT INTO Customer_skinFeatures (Customer_id, skinFeatures) VALUES (180, 'Trockene Haut');
INSERT INTO Customer_skinFeatures (Customer_id, skinFeatures) VALUES (180, 'Fettige Haut');
INSERT INTO Customer (id, allergies, birthday, blemishes, city, forename, street, streetNumber, surname, zip) VALUES (181, 'Senf', 'ACED00057372000D6A6176612E74696D652E536572955D84BA1B2248B20C00007870770703000007E2091E78', 1, 'Berlüüün', 'Alexander', 'Straße', '14D', 'Mustermann', 12020);
INSERT INTO Customer_currentSkinCare (Customer_id, currentSkinCare) VALUES (181, 'Maske');
INSERT INTO Customer_currentSkinCare (Customer_id, currentSkinCare) VALUES (181, 'Gesichtswasser');
INSERT INTO Customer_improvments (Customer_id, improvments) VALUES (181, 'Unreinheiten bekämpfen, überschüssiges Hautfett regulieren');
INSERT INTO Customer_improvments (Customer_id, improvments) VALUES (181, 'Haut um die Augen straffen, pflegen und Fältchen minimieren');
INSERT INTO Customer_sensitivities (Customer_id, sensitivities) VALUES (181, 'Nicht empfindlich');
INSERT INTO Customer_skinFeatures (Customer_id, skinFeatures) VALUES (181, 'Trockene Haut');
INSERT INTO Customer_skinFeatures (Customer_id, skinFeatures) VALUES (181, 'Fettige Haut');
INSERT INTO Customer (id, allergies, birthday, blemishes, city, forename, street, streetNumber, surname, zip) VALUES (182, 'Senf', 'ACED00057372000D6A6176612E74696D652E536572955D84BA1B2248B20C00007870770703000007E2091E78', 0, 'Berlüüün', 'Bugs', 'Straße', '14D', 'Bunny', 12020);
INSERT INTO Customer_currentSkinCare (Customer_id, currentSkinCare) VALUES (182, 'Maske');
INSERT INTO Customer_currentSkinCare (Customer_id, currentSkinCare) VALUES (182, 'Gesichtswasser');
INSERT INTO Customer_improvments (Customer_id, improvments) VALUES (182, 'Unreinheiten bekämpfen, überschüssiges Hautfett regulieren');
INSERT INTO Customer_improvments (Customer_id, improvments) VALUES (182, 'Haut um die Augen straffen, pflegen und Fältchen minimieren');
INSERT INTO Customer_sensitivities (Customer_id, sensitivities) VALUES (182, 'Nicht empfindlich');
INSERT INTO Customer_skinFeatures (Customer_id, skinFeatures) VALUES (182, 'Trockene Haut');
INSERT INTO Customer_skinFeatures (Customer_id, skinFeatures) VALUES (182, 'Fettige Haut');
INSERT INTO Customer (id, allergies, birthday, blemishes, city, forename, street, streetNumber, surname, zip) VALUES (183, 'Erdnüsse', 'ACED00057372000D6A6176612E74696D652E536572955D84BA1B2248B20C00007870770703000007E2091E78', 1, 'Berlüüün', 'Daisy', 'Straße', '14D', 'Duck', 12020);
INSERT INTO Customer_currentSkinCare (Customer_id, currentSkinCare) VALUES (183, 'Maske');
INSERT INTO Customer_currentSkinCare (Customer_id, currentSkinCare) VALUES (183, 'Gesichtswasser');
INSERT INTO Customer_improvments (Customer_id, improvments) VALUES (183, 'Unreinheiten bekämpfen, überschüssiges Hautfett regulieren');
INSERT INTO Customer_improvments (Customer_id, improvments) VALUES (183, 'Haut um die Augen straffen, pflegen und Fältchen minimieren');
INSERT INTO Customer_sensitivities (Customer_id, sensitivities) VALUES (183, 'Nicht empfindlich');
INSERT INTO Customer_skinFeatures (Customer_id, skinFeatures) VALUES (183, 'Trockene Haut');
INSERT INTO Customer_skinFeatures (Customer_id, skinFeatures) VALUES (183, 'Fettige Haut');
INSERT INTO Customer (id, allergies, birthday, blemishes, city, forename, street, streetNumber, surname, zip) VALUES (184, 'Mais', 'ACED00057372000D6A6176612E74696D652E536572955D84BA1B2248B20C00007870770703000007E2091E78', 1, 'Berlüüün', 'Donald', 'Straße', '14D', 'Duck', 12020);
INSERT INTO Customer_currentSkinCare (Customer_id, currentSkinCare) VALUES (184, 'Maske');
INSERT INTO Customer_currentSkinCare (Customer_id, currentSkinCare) VALUES (184, 'Gesichtswasser');
INSERT INTO Customer_improvments (Customer_id, improvments) VALUES (184, 'Unreinheiten bekämpfen, überschüssiges Hautfett regulieren');
INSERT INTO Customer_improvments (Customer_id, improvments) VALUES (184, 'Haut um die Augen straffen, pflegen und Fältchen minimieren');
INSERT INTO Customer_sensitivities (Customer_id, sensitivities) VALUES (184, 'Nicht empfindlich');
INSERT INTO Customer_skinFeatures (Customer_id, skinFeatures) VALUES (184, 'Trockene Haut');
INSERT INTO Customer_skinFeatures (Customer_id, skinFeatures) VALUES (184, 'Fettige Haut');
INSERT INTO Customer (id, allergies, birthday, blemishes, city, forename, street, streetNumber, surname, zip) VALUES (185, 'Soja', 'ACED00057372000D6A6176612E74696D652E536572955D84BA1B2248B20C00007870770703000007E2091E78', 1, 'Berlüüün', 'Nina', 'Straße', '14D', 'Hagen', 12020);
INSERT INTO Customer_currentSkinCare (Customer_id, currentSkinCare) VALUES (185, 'Maske');
INSERT INTO Customer_currentSkinCare (Customer_id, currentSkinCare) VALUES (185, 'Gesichtswasser');
INSERT INTO Customer_improvments (Customer_id, improvments) VALUES (185, 'Unreinheiten bekämpfen, überschüssiges Hautfett regulieren');
INSERT INTO Customer_improvments (Customer_id, improvments) VALUES (185, 'Haut um die Augen straffen, pflegen und Fältchen minimieren');
INSERT INTO Customer_sensitivities (Customer_id, sensitivities) VALUES (185, 'Nicht empfindlich');
INSERT INTO Customer_skinFeatures (Customer_id, skinFeatures) VALUES (185, 'Trockene Haut');
INSERT INTO Customer_skinFeatures (Customer_id, skinFeatures) VALUES (185, 'Fettige Haut');
INSERT INTO Customer (id, allergies, birthday, blemishes, city, forename, street, streetNumber, surname, zip) VALUES (186, 'Weizen', 'ACED00057372000D6A6176612E74696D652E536572955D84BA1B2248B20C00007870770703000007E2091E78', 1, 'Blub', 'Jennie', 'Straße', '14D', 'Musterfrau', 12020);
INSERT INTO Customer_currentSkinCare (Customer_id, currentSkinCare) VALUES (186, 'Maske');
INSERT INTO Customer_currentSkinCare (Customer_id, currentSkinCare) VALUES (186, 'Gesichtswasser');
INSERT INTO Customer_improvments (Customer_id, improvments) VALUES (186, 'Unreinheiten bekämpfen, überschüssiges Hautfett regulieren');
INSERT INTO Customer_improvments (Customer_id, improvments) VALUES (186, 'Haut um die Augen straffen, pflegen und Fältchen minimieren');
INSERT INTO Customer_sensitivities (Customer_id, sensitivities) VALUES (186, 'Nicht empfindlich');
INSERT INTO Customer_skinFeatures (Customer_id, skinFeatures) VALUES (186, 'Trockene Haut');
INSERT INTO Customer_skinFeatures (Customer_id, skinFeatures) VALUES (186, 'Fettige Haut');
INSERT INTO Customer (id, allergies, birthday, blemishes, city, forename, street, streetNumber, surname, zip) VALUES (187, 'Senf', 'ACED00057372000D6A6176612E74696D652E536572955D84BA1B2248B20C00007870770703000007E2091E78', 1, 'Berlüüün', 'Alexander', 'Straße', '14D', 'Mustermann', 12020);
INSERT INTO Customer_currentSkinCare (Customer_id, currentSkinCare) VALUES (187, 'Maske');
INSERT INTO Customer_currentSkinCare (Customer_id, currentSkinCare) VALUES (187, 'Gesichtswasser');
INSERT INTO Customer_improvments (Customer_id, improvments) VALUES (187, 'Unreinheiten bekämpfen, überschüssiges Hautfett regulieren');
INSERT INTO Customer_improvments (Customer_id, improvments) VALUES (187, 'Haut um die Augen straffen, pflegen und Fältchen minimieren');
INSERT INTO Customer_sensitivities (Customer_id, sensitivities) VALUES (187, 'Nicht empfindlich');
INSERT INTO Customer_skinFeatures (Customer_id, skinFeatures) VALUES (187, 'Trockene Haut');
INSERT INTO Customer_skinFeatures (Customer_id, skinFeatures) VALUES (187, 'Fettige Haut');
INSERT INTO Customer (id, allergies, birthday, blemishes, city, forename, street, streetNumber, surname, zip) VALUES (188, 'Senf', 'ACED00057372000D6A6176612E74696D652E536572955D84BA1B2248B20C00007870770703000007E2091E78', 0, 'Berlüüün', 'Bugs', 'Straße', '14D', 'Bunny', 12020);
INSERT INTO Customer_currentSkinCare (Customer_id, currentSkinCare) VALUES (188, 'Maske');
INSERT INTO Customer_currentSkinCare (Customer_id, currentSkinCare) VALUES (188, 'Gesichtswasser');
INSERT INTO Customer_improvments (Customer_id, improvments) VALUES (188, 'Unreinheiten bekämpfen, überschüssiges Hautfett regulieren');
INSERT INTO Customer_improvments (Customer_id, improvments) VALUES (188, 'Haut um die Augen straffen, pflegen und Fältchen minimieren');
INSERT INTO Customer_sensitivities (Customer_id, sensitivities) VALUES (188, 'Nicht empfindlich');
INSERT INTO Customer_skinFeatures (Customer_id, skinFeatures) VALUES (188, 'Trockene Haut');
INSERT INTO Customer_skinFeatures (Customer_id, skinFeatures) VALUES (188, 'Fettige Haut');
INSERT INTO Customer (id, allergies, birthday, blemishes, city, forename, street, streetNumber, surname, zip) VALUES (189, 'Erdnüsse', 'ACED00057372000D6A6176612E74696D652E536572955D84BA1B2248B20C00007870770703000007E2091E78', 1, 'Berlüüün', 'Daisy', 'Straße', '14D', 'Duck', 12020);
INSERT INTO Customer_currentSkinCare (Customer_id, currentSkinCare) VALUES (189, 'Maske');
INSERT INTO Customer_currentSkinCare (Customer_id, currentSkinCare) VALUES (189, 'Gesichtswasser');
INSERT INTO Customer_improvments (Customer_id, improvments) VALUES (189, 'Unreinheiten bekämpfen, überschüssiges Hautfett regulieren');
INSERT INTO Customer_improvments (Customer_id, improvments) VALUES (189, 'Haut um die Augen straffen, pflegen und Fältchen minimieren');
INSERT INTO Customer_sensitivities (Customer_id, sensitivities) VALUES (189, 'Nicht empfindlich');
INSERT INTO Customer_skinFeatures (Customer_id, skinFeatures) VALUES (189, 'Trockene Haut');
INSERT INTO Customer_skinFeatures (Customer_id, skinFeatures) VALUES (189, 'Fettige Haut');
INSERT INTO Customer (id, allergies, birthday, blemishes, city, forename, street, streetNumber, surname, zip) VALUES (190, 'Mais', 'ACED00057372000D6A6176612E74696D652E536572955D84BA1B2248B20C00007870770703000007E2091E78', 1, 'Berlüüün', 'Donald', 'Straße', '14D', 'Duck', 12020);
INSERT INTO Customer_currentSkinCare (Customer_id, currentSkinCare) VALUES (190, 'Maske');
INSERT INTO Customer_currentSkinCare (Customer_id, currentSkinCare) VALUES (190, 'Gesichtswasser');
INSERT INTO Customer_improvments (Customer_id, improvments) VALUES (190, 'Unreinheiten bekämpfen, überschüssiges Hautfett regulieren');
INSERT INTO Customer_improvments (Customer_id, improvments) VALUES (190, 'Haut um die Augen straffen, pflegen und Fältchen minimieren');
INSERT INTO Customer_sensitivities (Customer_id, sensitivities) VALUES (190, 'Nicht empfindlich');
INSERT INTO Customer_skinFeatures (Customer_id, skinFeatures) VALUES (190, 'Trockene Haut');
INSERT INTO Customer_skinFeatures (Customer_id, skinFeatures) VALUES (190, 'Fettige Haut');
INSERT INTO Customer (id, allergies, birthday, blemishes, city, forename, street, streetNumber, surname, zip) VALUES (191, 'Soja', 'ACED00057372000D6A6176612E74696D652E536572955D84BA1B2248B20C00007870770703000007E2091E78', 1, 'Berlüüün', 'Nina', 'Straße', '14D', 'Hagen', 12020);
INSERT INTO Customer_currentSkinCare (Customer_id, currentSkinCare) VALUES (191, 'Maske');
INSERT INTO Customer_currentSkinCare (Customer_id, currentSkinCare) VALUES (191, 'Gesichtswasser');
INSERT INTO Customer_improvments (Customer_id, improvments) VALUES (191, 'Unreinheiten bekämpfen, überschüssiges Hautfett regulieren');
INSERT INTO Customer_improvments (Customer_id, improvments) VALUES (191, 'Haut um die Augen straffen, pflegen und Fältchen minimieren');
INSERT INTO Customer_sensitivities (Customer_id, sensitivities) VALUES (191, 'Nicht empfindlich');
INSERT INTO Customer_skinFeatures (Customer_id, skinFeatures) VALUES (191, 'Trockene Haut');
INSERT INTO Customer_skinFeatures (Customer_id, skinFeatures) VALUES (191, 'Fettige Haut');
INSERT INTO Customer (id, allergies, birthday, blemishes, city, forename, street, streetNumber, surname, zip) VALUES (192, 'Weizen', 'ACED00057372000D6A6176612E74696D652E536572955D84BA1B2248B20C00007870770703000007E2091E78', 1, 'Blub', 'Jennie', 'Straße', '14D', 'Musterfrau', 12020);
INSERT INTO Customer_currentSkinCare (Customer_id, currentSkinCare) VALUES (192, 'Maske');
INSERT INTO Customer_currentSkinCare (Customer_id, currentSkinCare) VALUES (192, 'Gesichtswasser');
INSERT INTO Customer_improvments (Customer_id, improvments) VALUES (192, 'Unreinheiten bekämpfen, überschüssiges Hautfett regulieren');
INSERT INTO Customer_improvments (Customer_id, improvments) VALUES (192, 'Haut um die Augen straffen, pflegen und Fältchen minimieren');
INSERT INTO Customer_sensitivities (Customer_id, sensitivities) VALUES (192, 'Nicht empfindlich');
INSERT INTO Customer_skinFeatures (Customer_id, skinFeatures) VALUES (192, 'Trockene Haut');
INSERT INTO Customer_skinFeatures (Customer_id, skinFeatures) VALUES (192, 'Fettige Haut');
INSERT INTO Customer (id, allergies, birthday, blemishes, city, forename, street, streetNumber, surname, zip) VALUES (193, 'Senf', 'ACED00057372000D6A6176612E74696D652E536572955D84BA1B2248B20C00007870770703000007E2091E78', 1, 'Berlüüün', 'Alexander', 'Straße', '14D', 'Mustermann', 12020);
INSERT INTO Customer_currentSkinCare (Customer_id, currentSkinCare) VALUES (193, 'Maske');
INSERT INTO Customer_currentSkinCare (Customer_id, currentSkinCare) VALUES (193, 'Gesichtswasser');
INSERT INTO Customer_improvments (Customer_id, improvments) VALUES (193, 'Unreinheiten bekämpfen, überschüssiges Hautfett regulieren');
INSERT INTO Customer_improvments (Customer_id, improvments) VALUES (193, 'Haut um die Augen straffen, pflegen und Fältchen minimieren');
INSERT INTO Customer_sensitivities (Customer_id, sensitivities) VALUES (193, 'Nicht empfindlich');
INSERT INTO Customer_skinFeatures (Customer_id, skinFeatures) VALUES (193, 'Trockene Haut');
INSERT INTO Customer_skinFeatures (Customer_id, skinFeatures) VALUES (193, 'Fettige Haut');
INSERT INTO Customer (id, allergies, birthday, blemishes, city, forename, street, streetNumber, surname, zip) VALUES (194, 'Senf', 'ACED00057372000D6A6176612E74696D652E536572955D84BA1B2248B20C00007870770703000007E2091E78', 0, 'Berlüüün', 'Bugs', 'Straße', '14D', 'Bunny', 12020);
INSERT INTO Customer_currentSkinCare (Customer_id, currentSkinCare) VALUES (194, 'Maske');
INSERT INTO Customer_currentSkinCare (Customer_id, currentSkinCare) VALUES (194, 'Gesichtswasser');
INSERT INTO Customer_improvments (Customer_id, improvments) VALUES (194, 'Unreinheiten bekämpfen, überschüssiges Hautfett regulieren');
INSERT INTO Customer_improvments (Customer_id, improvments) VALUES (194, 'Haut um die Augen straffen, pflegen und Fältchen minimieren');
INSERT INTO Customer_sensitivities (Customer_id, sensitivities) VALUES (194, 'Nicht empfindlich');
INSERT INTO Customer_skinFeatures (Customer_id, skinFeatures) VALUES (194, 'Trockene Haut');
INSERT INTO Customer_skinFeatures (Customer_id, skinFeatures) VALUES (194, 'Fettige Haut');
INSERT INTO Customer (id, allergies, birthday, blemishes, city, forename, street, streetNumber, surname, zip) VALUES (195, 'Erdnüsse', 'ACED00057372000D6A6176612E74696D652E536572955D84BA1B2248B20C00007870770703000007E2091E78', 1, 'Berlüüün', 'Daisy', 'Straße', '14D', 'Duck', 12020);
INSERT INTO Customer_currentSkinCare (Customer_id, currentSkinCare) VALUES (195, 'Maske');
INSERT INTO Customer_currentSkinCare (Customer_id, currentSkinCare) VALUES (195, 'Gesichtswasser');
INSERT INTO Customer_improvments (Customer_id, improvments) VALUES (195, 'Unreinheiten bekämpfen, überschüssiges Hautfett regulieren');
INSERT INTO Customer_improvments (Customer_id, improvments) VALUES (195, 'Haut um die Augen straffen, pflegen und Fältchen minimieren');
INSERT INTO Customer_sensitivities (Customer_id, sensitivities) VALUES (195, 'Nicht empfindlich');
INSERT INTO Customer_skinFeatures (Customer_id, skinFeatures) VALUES (195, 'Trockene Haut');
INSERT INTO Customer_skinFeatures (Customer_id, skinFeatures) VALUES (195, 'Fettige Haut');
INSERT INTO Customer (id, allergies, birthday, blemishes, city, forename, street, streetNumber, surname, zip) VALUES (196, 'Mais', 'ACED00057372000D6A6176612E74696D652E536572955D84BA1B2248B20C00007870770703000007E2091E78', 1, 'Berlüüün', 'Donald', 'Straße', '14D', 'Duck', 12020);
INSERT INTO Customer_currentSkinCare (Customer_id, currentSkinCare) VALUES (196, 'Maske');
INSERT INTO Customer_currentSkinCare (Customer_id, currentSkinCare) VALUES (196, 'Gesichtswasser');
INSERT INTO Customer_improvments (Customer_id, improvments) VALUES (196, 'Unreinheiten bekämpfen, überschüssiges Hautfett regulieren');
INSERT INTO Customer_improvments (Customer_id, improvments) VALUES (196, 'Haut um die Augen straffen, pflegen und Fältchen minimieren');
INSERT INTO Customer_sensitivities (Customer_id, sensitivities) VALUES (196, 'Nicht empfindlich');
INSERT INTO Customer_skinFeatures (Customer_id, skinFeatures) VALUES (196, 'Trockene Haut');
INSERT INTO Customer_skinFeatures (Customer_id, skinFeatures) VALUES (196, 'Fettige Haut');
INSERT INTO Customer (id, allergies, birthday, blemishes, city, forename, street, streetNumber, surname, zip) VALUES (197, 'Soja', 'ACED00057372000D6A6176612E74696D652E536572955D84BA1B2248B20C00007870770703000007E2091E78', 1, 'Berlüüün', 'Nina', 'Straße', '14D', 'Hagen', 12020);
INSERT INTO Customer_currentSkinCare (Customer_id, currentSkinCare) VALUES (197, 'Maske');
INSERT INTO Customer_currentSkinCare (Customer_id, currentSkinCare) VALUES (197, 'Gesichtswasser');
INSERT INTO Customer_improvments (Customer_id, improvments) VALUES (197, 'Unreinheiten bekämpfen, überschüssiges Hautfett regulieren');
INSERT INTO Customer_improvments (Customer_id, improvments) VALUES (197, 'Haut um die Augen straffen, pflegen und Fältchen minimieren');
INSERT INTO Customer_sensitivities (Customer_id, sensitivities) VALUES (197, 'Nicht empfindlich');
INSERT INTO Customer_skinFeatures (Customer_id, skinFeatures) VALUES (197, 'Trockene Haut');
INSERT INTO Customer_skinFeatures (Customer_id, skinFeatures) VALUES (197, 'Fettige Haut');
INSERT INTO Customer (id, allergies, birthday, blemishes, city, forename, street, streetNumber, surname, zip) VALUES (198, 'Weizen', 'ACED00057372000D6A6176612E74696D652E536572955D84BA1B2248B20C00007870770703000007E2091E78', 1, 'Blub', 'Jennie', 'Straße', '14D', 'Musterfrau', 12020);
INSERT INTO Customer_currentSkinCare (Customer_id, currentSkinCare) VALUES (198, 'Maske');
INSERT INTO Customer_currentSkinCare (Customer_id, currentSkinCare) VALUES (198, 'Gesichtswasser');
INSERT INTO Customer_improvments (Customer_id, improvments) VALUES (198, 'Unreinheiten bekämpfen, überschüssiges Hautfett regulieren');
INSERT INTO Customer_improvments (Customer_id, improvments) VALUES (198, 'Haut um die Augen straffen, pflegen und Fältchen minimieren');
INSERT INTO Customer_sensitivities (Customer_id, sensitivities) VALUES (198, 'Nicht empfindlich');
INSERT INTO Customer_skinFeatures (Customer_id, skinFeatures) VALUES (198, 'Trockene Haut');
INSERT INTO Customer_skinFeatures (Customer_id, skinFeatures) VALUES (198, 'Fettige Haut');
INSERT INTO Customer (id, allergies, birthday, blemishes, city, forename, street, streetNumber, surname, zip) VALUES (199, 'Senf', 'ACED00057372000D6A6176612E74696D652E536572955D84BA1B2248B20C00007870770703000007E2091E78', 1, 'Berlüüün', 'Alexander', 'Straße', '14D', 'Mustermann', 12020);
INSERT INTO Customer_currentSkinCare (Customer_id, currentSkinCare) VALUES (199, 'Maske');
INSERT INTO Customer_currentSkinCare (Customer_id, currentSkinCare) VALUES (199, 'Gesichtswasser');
INSERT INTO Customer_improvments (Customer_id, improvments) VALUES (199, 'Unreinheiten bekämpfen, überschüssiges Hautfett regulieren');
INSERT INTO Customer_improvments (Customer_id, improvments) VALUES (199, 'Haut um die Augen straffen, pflegen und Fältchen minimieren');
INSERT INTO Customer_sensitivities (Customer_id, sensitivities) VALUES (199, 'Nicht empfindlich');
INSERT INTO Customer_skinFeatures (Customer_id, skinFeatures) VALUES (199, 'Trockene Haut');
INSERT INTO Customer_skinFeatures (Customer_id, skinFeatures) VALUES (199, 'Fettige Haut');
INSERT INTO Customer (id, allergies, birthday, blemishes, city, forename, street, streetNumber, surname, zip) VALUES (200, 'Senf', 'ACED00057372000D6A6176612E74696D652E536572955D84BA1B2248B20C00007870770703000007E2091E78', 0, 'Berlüüün', 'Bugs', 'Straße', '14D', 'Bunny', 12020);
INSERT INTO Customer_currentSkinCare (Customer_id, currentSkinCare) VALUES (200, 'Maske');
INSERT INTO Customer_currentSkinCare (Customer_id, currentSkinCare) VALUES (200, 'Gesichtswasser');
INSERT INTO Customer_improvments (Customer_id, improvments) VALUES (200, 'Unreinheiten bekämpfen, überschüssiges Hautfett regulieren');
INSERT INTO Customer_improvments (Customer_id, improvments) VALUES (200, 'Haut um die Augen straffen, pflegen und Fältchen minimieren');
INSERT INTO Customer_sensitivities (Customer_id, sensitivities) VALUES (200, 'Nicht empfindlich');
INSERT INTO Customer_skinFeatures (Customer_id, skinFeatures) VALUES (200, 'Trockene Haut');
INSERT INTO Customer_skinFeatures (Customer_id, skinFeatures) VALUES (200, 'Fettige Haut');
INSERT INTO Customer (id, allergies, birthday, blemishes, city, forename, street, streetNumber, surname, zip) VALUES (201, 'Erdnüsse', 'ACED00057372000D6A6176612E74696D652E536572955D84BA1B2248B20C00007870770703000007E2091E78', 1, 'Berlüüün', 'Daisy', 'Straße', '14D', 'Duck', 12020);
INSERT INTO Customer_currentSkinCare (Customer_id, currentSkinCare) VALUES (201, 'Maske');
INSERT INTO Customer_currentSkinCare (Customer_id, currentSkinCare) VALUES (201, 'Gesichtswasser');
INSERT INTO Customer_improvments (Customer_id, improvments) VALUES (201, 'Unreinheiten bekämpfen, überschüssiges Hautfett regulieren');
INSERT INTO Customer_improvments (Customer_id, improvments) VALUES (201, 'Haut um die Augen straffen, pflegen und Fältchen minimieren');
INSERT INTO Customer_sensitivities (Customer_id, sensitivities) VALUES (201, 'Nicht empfindlich');
INSERT INTO Customer_skinFeatures (Customer_id, skinFeatures) VALUES (201, 'Trockene Haut');
INSERT INTO Customer_skinFeatures (Customer_id, skinFeatures) VALUES (201, 'Fettige Haut');
INSERT INTO Customer (id, allergies, birthday, blemishes, city, forename, street, streetNumber, surname, zip) VALUES (202, 'Mais', 'ACED00057372000D6A6176612E74696D652E536572955D84BA1B2248B20C00007870770703000007E2091E78', 1, 'Berlüüün', 'Donald', 'Straße', '14D', 'Duck', 12020);
INSERT INTO Customer_currentSkinCare (Customer_id, currentSkinCare) VALUES (202, 'Maske');
INSERT INTO Customer_currentSkinCare (Customer_id, currentSkinCare) VALUES (202, 'Gesichtswasser');
INSERT INTO Customer_improvments (Customer_id, improvments) VALUES (202, 'Unreinheiten bekämpfen, überschüssiges Hautfett regulieren');
INSERT INTO Customer_improvments (Customer_id, improvments) VALUES (202, 'Haut um die Augen straffen, pflegen und Fältchen minimieren');
INSERT INTO Customer_sensitivities (Customer_id, sensitivities) VALUES (202, 'Nicht empfindlich');
INSERT INTO Customer_skinFeatures (Customer_id, skinFeatures) VALUES (202, 'Trockene Haut');
INSERT INTO Customer_skinFeatures (Customer_id, skinFeatures) VALUES (202, 'Fettige Haut');
INSERT INTO Customer (id, allergies, birthday, blemishes, city, forename, street, streetNumber, surname, zip) VALUES (203, 'Soja', 'ACED00057372000D6A6176612E74696D652E536572955D84BA1B2248B20C00007870770703000007E2091E78', 1, 'Berlüüün', 'Nina', 'Straße', '14D', 'Hagen', 12020);
INSERT INTO Customer_currentSkinCare (Customer_id, currentSkinCare) VALUES (203, 'Maske');
INSERT INTO Customer_currentSkinCare (Customer_id, currentSkinCare) VALUES (203, 'Gesichtswasser');
INSERT INTO Customer_improvments (Customer_id, improvments) VALUES (203, 'Unreinheiten bekämpfen, überschüssiges Hautfett regulieren');
INSERT INTO Customer_improvments (Customer_id, improvments) VALUES (203, 'Haut um die Augen straffen, pflegen und Fältchen minimieren');
INSERT INTO Customer_sensitivities (Customer_id, sensitivities) VALUES (203, 'Nicht empfindlich');
INSERT INTO Customer_skinFeatures (Customer_id, skinFeatures) VALUES (203, 'Trockene Haut');
INSERT INTO Customer_skinFeatures (Customer_id, skinFeatures) VALUES (203, 'Fettige Haut');
INSERT INTO Customer (id, allergies, birthday, blemishes, city, forename, street, streetNumber, surname, zip) VALUES (204, 'Weizen', 'ACED00057372000D6A6176612E74696D652E536572955D84BA1B2248B20C00007870770703000007E2091E78', 1, 'Blub', 'Jennie', 'Straße', '14D', 'Musterfrau', 12020);
INSERT INTO Customer_currentSkinCare (Customer_id, currentSkinCare) VALUES (204, 'Maske');
INSERT INTO Customer_currentSkinCare (Customer_id, currentSkinCare) VALUES (204, 'Gesichtswasser');
INSERT INTO Customer_improvments (Customer_id, improvments) VALUES (204, 'Unreinheiten bekämpfen, überschüssiges Hautfett regulieren');
INSERT INTO Customer_improvments (Customer_id, improvments) VALUES (204, 'Haut um die Augen straffen, pflegen und Fältchen minimieren');
INSERT INTO Customer_sensitivities (Customer_id, sensitivities) VALUES (204, 'Nicht empfindlich');
INSERT INTO Customer_skinFeatures (Customer_id, skinFeatures) VALUES (204, 'Trockene Haut');
INSERT INTO Customer_skinFeatures (Customer_id, skinFeatures) VALUES (204, 'Fettige Haut');
INSERT INTO Customer (id, allergies, birthday, blemishes, city, forename, street, streetNumber, surname, zip) VALUES (205, 'Senf', 'ACED00057372000D6A6176612E74696D652E536572955D84BA1B2248B20C00007870770703000007E2091E78', 1, 'Berlüüün', 'Alexander', 'Straße', '14D', 'Mustermann', 12020);
INSERT INTO Customer_currentSkinCare (Customer_id, currentSkinCare) VALUES (205, 'Maske');
INSERT INTO Customer_currentSkinCare (Customer_id, currentSkinCare) VALUES (205, 'Gesichtswasser');
INSERT INTO Customer_improvments (Customer_id, improvments) VALUES (205, 'Unreinheiten bekämpfen, überschüssiges Hautfett regulieren');
INSERT INTO Customer_improvments (Customer_id, improvments) VALUES (205, 'Haut um die Augen straffen, pflegen und Fältchen minimieren');
INSERT INTO Customer_sensitivities (Customer_id, sensitivities) VALUES (205, 'Nicht empfindlich');
INSERT INTO Customer_skinFeatures (Customer_id, skinFeatures) VALUES (205, 'Trockene Haut');
INSERT INTO Customer_skinFeatures (Customer_id, skinFeatures) VALUES (205, 'Fettige Haut');
INSERT INTO Customer (id, allergies, birthday, blemishes, city, forename, street, streetNumber, surname, zip) VALUES (206, 'Senf', 'ACED00057372000D6A6176612E74696D652E536572955D84BA1B2248B20C00007870770703000007E2091E78', 0, 'Berlüüün', 'Bugs', 'Straße', '14D', 'Bunny', 12020);
INSERT INTO Customer_currentSkinCare (Customer_id, currentSkinCare) VALUES (206, 'Maske');
INSERT INTO Customer_currentSkinCare (Customer_id, currentSkinCare) VALUES (206, 'Gesichtswasser');
INSERT INTO Customer_improvments (Customer_id, improvments) VALUES (206, 'Unreinheiten bekämpfen, überschüssiges Hautfett regulieren');
INSERT INTO Customer_improvments (Customer_id, improvments) VALUES (206, 'Haut um die Augen straffen, pflegen und Fältchen minimieren');
INSERT INTO Customer_sensitivities (Customer_id, sensitivities) VALUES (206, 'Nicht empfindlich');
INSERT INTO Customer_skinFeatures (Customer_id, skinFeatures) VALUES (206, 'Trockene Haut');
INSERT INTO Customer_skinFeatures (Customer_id, skinFeatures) VALUES (206, 'Fettige Haut');
INSERT INTO Customer (id, allergies, birthday, blemishes, city, forename, street, streetNumber, surname, zip) VALUES (207, 'Erdnüsse', 'ACED00057372000D6A6176612E74696D652E536572955D84BA1B2248B20C00007870770703000007E2091E78', 1, 'Berlüüün', 'Daisy', 'Straße', '14D', 'Duck', 12020);
INSERT INTO Customer_currentSkinCare (Customer_id, currentSkinCare) VALUES (207, 'Maske');
INSERT INTO Customer_currentSkinCare (Customer_id, currentSkinCare) VALUES (207, 'Gesichtswasser');
INSERT INTO Customer_improvments (Customer_id, improvments) VALUES (207, 'Unreinheiten bekämpfen, überschüssiges Hautfett regulieren');
INSERT INTO Customer_improvments (Customer_id, improvments) VALUES (207, 'Haut um die Augen straffen, pflegen und Fältchen minimieren');
INSERT INTO Customer_sensitivities (Customer_id, sensitivities) VALUES (207, 'Nicht empfindlich');
INSERT INTO Customer_skinFeatures (Customer_id, skinFeatures) VALUES (207, 'Trockene Haut');
INSERT INTO Customer_skinFeatures (Customer_id, skinFeatures) VALUES (207, 'Fettige Haut');
INSERT INTO Customer (id, allergies, birthday, blemishes, city, forename, street, streetNumber, surname, zip) VALUES (208, 'Mais', 'ACED00057372000D6A6176612E74696D652E536572955D84BA1B2248B20C00007870770703000007E2091E78', 1, 'Berlüüün', 'Donald', 'Straße', '14D', 'Duck', 12020);
INSERT INTO Customer_currentSkinCare (Customer_id, currentSkinCare) VALUES (208, 'Maske');
INSERT INTO Customer_currentSkinCare (Customer_id, currentSkinCare) VALUES (208, 'Gesichtswasser');
INSERT INTO Customer_improvments (Customer_id, improvments) VALUES (208, 'Unreinheiten bekämpfen, überschüssiges Hautfett regulieren');
INSERT INTO Customer_improvments (Customer_id, improvments) VALUES (208, 'Haut um die Augen straffen, pflegen und Fältchen minimieren');
INSERT INTO Customer_sensitivities (Customer_id, sensitivities) VALUES (208, 'Nicht empfindlich');
INSERT INTO Customer_skinFeatures (Customer_id, skinFeatures) VALUES (208, 'Trockene Haut');
INSERT INTO Customer_skinFeatures (Customer_id, skinFeatures) VALUES (208, 'Fettige Haut');
INSERT INTO Customer (id, allergies, birthday, blemishes, city, forename, street, streetNumber, surname, zip) VALUES (209, 'Soja', 'ACED00057372000D6A6176612E74696D652E536572955D84BA1B2248B20C00007870770703000007E2091E78', 1, 'Berlüüün', 'Nina', 'Straße', '14D', 'Hagen', 12020);
INSERT INTO Customer_currentSkinCare (Customer_id, currentSkinCare) VALUES (209, 'Maske');
INSERT INTO Customer_currentSkinCare (Customer_id, currentSkinCare) VALUES (209, 'Gesichtswasser');
INSERT INTO Customer_improvments (Customer_id, improvments) VALUES (209, 'Unreinheiten bekämpfen, überschüssiges Hautfett regulieren');
INSERT INTO Customer_improvments (Customer_id, improvments) VALUES (209, 'Haut um die Augen straffen, pflegen und Fältchen minimieren');
INSERT INTO Customer_sensitivities (Customer_id, sensitivities) VALUES (209, 'Nicht empfindlich');
INSERT INTO Customer_skinFeatures (Customer_id, skinFeatures) VALUES (209, 'Trockene Haut');
INSERT INTO Customer_skinFeatures (Customer_id, skinFeatures) VALUES (209, 'Fettige Haut');
INSERT INTO Customer (id, allergies, birthday, blemishes, city, forename, street, streetNumber, surname, zip) VALUES (210, 'Weizen', 'ACED00057372000D6A6176612E74696D652E536572955D84BA1B2248B20C00007870770703000007E2091E78', 1, 'Blub', 'Jennie', 'Straße', '14D', 'Musterfrau', 12020);
INSERT INTO Customer_currentSkinCare (Customer_id, currentSkinCare) VALUES (210, 'Maske');
INSERT INTO Customer_currentSkinCare (Customer_id, currentSkinCare) VALUES (210, 'Gesichtswasser');
INSERT INTO Customer_improvments (Customer_id, improvments) VALUES (210, 'Unreinheiten bekämpfen, überschüssiges Hautfett regulieren');
INSERT INTO Customer_improvments (Customer_id, improvments) VALUES (210, 'Haut um die Augen straffen, pflegen und Fältchen minimieren');
INSERT INTO Customer_sensitivities (Customer_id, sensitivities) VALUES (210, 'Nicht empfindlich');
INSERT INTO Customer_skinFeatures (Customer_id, skinFeatures) VALUES (210, 'Trockene Haut');
INSERT INTO Customer_skinFeatures (Customer_id, skinFeatures) VALUES (210, 'Fettige Haut');
INSERT INTO Customer (id, allergies, birthday, blemishes, city, forename, street, streetNumber, surname, zip) VALUES (211, 'Senf', 'ACED00057372000D6A6176612E74696D652E536572955D84BA1B2248B20C00007870770703000007E2091E78', 1, 'Berlüüün', 'Alexander', 'Straße', '14D', 'Mustermann', 12020);
INSERT INTO Customer_currentSkinCare (Customer_id, currentSkinCare) VALUES (211, 'Maske');
INSERT INTO Customer_currentSkinCare (Customer_id, currentSkinCare) VALUES (211, 'Gesichtswasser');
INSERT INTO Customer_improvments (Customer_id, improvments) VALUES (211, 'Unreinheiten bekämpfen, überschüssiges Hautfett regulieren');
INSERT INTO Customer_improvments (Customer_id, improvments) VALUES (211, 'Haut um die Augen straffen, pflegen und Fältchen minimieren');
INSERT INTO Customer_sensitivities (Customer_id, sensitivities) VALUES (211, 'Nicht empfindlich');
INSERT INTO Customer_skinFeatures (Customer_id, skinFeatures) VALUES (211, 'Trockene Haut');
INSERT INTO Customer_skinFeatures (Customer_id, skinFeatures) VALUES (211, 'Fettige Haut');
INSERT INTO Customer (id, allergies, birthday, blemishes, city, forename, street, streetNumber, surname, zip) VALUES (212, 'Senf', 'ACED00057372000D6A6176612E74696D652E536572955D84BA1B2248B20C00007870770703000007E2091E78', 0, 'Berlüüün', 'Bugs', 'Straße', '14D', 'Bunny', 12020);
INSERT INTO Customer_currentSkinCare (Customer_id, currentSkinCare) VALUES (212, 'Maske');
INSERT INTO Customer_currentSkinCare (Customer_id, currentSkinCare) VALUES (212, 'Gesichtswasser');
INSERT INTO Customer_improvments (Customer_id, improvments) VALUES (212, 'Unreinheiten bekämpfen, überschüssiges Hautfett regulieren');
INSERT INTO Customer_improvments (Customer_id, improvments) VALUES (212, 'Haut um die Augen straffen, pflegen und Fältchen minimieren');
INSERT INTO Customer_sensitivities (Customer_id, sensitivities) VALUES (212, 'Nicht empfindlich');
INSERT INTO Customer_skinFeatures (Customer_id, skinFeatures) VALUES (212, 'Trockene Haut');
INSERT INTO Customer_skinFeatures (Customer_id, skinFeatures) VALUES (212, 'Fettige Haut');
INSERT INTO Customer (id, allergies, birthday, blemishes, city, forename, street, streetNumber, surname, zip) VALUES (213, 'Erdnüsse', 'ACED00057372000D6A6176612E74696D652E536572955D84BA1B2248B20C00007870770703000007E2091E78', 1, 'Berlüüün', 'Daisy', 'Straße', '14D', 'Duck', 12020);
INSERT INTO Customer_currentSkinCare (Customer_id, currentSkinCare) VALUES (213, 'Maske');
INSERT INTO Customer_currentSkinCare (Customer_id, currentSkinCare) VALUES (213, 'Gesichtswasser');
INSERT INTO Customer_improvments (Customer_id, improvments) VALUES (213, 'Unreinheiten bekämpfen, überschüssiges Hautfett regulieren');
INSERT INTO Customer_improvments (Customer_id, improvments) VALUES (213, 'Haut um die Augen straffen, pflegen und Fältchen minimieren');
INSERT INTO Customer_sensitivities (Customer_id, sensitivities) VALUES (213, 'Nicht empfindlich');
INSERT INTO Customer_skinFeatures (Customer_id, skinFeatures) VALUES (213, 'Trockene Haut');
INSERT INTO Customer_skinFeatures (Customer_id, skinFeatures) VALUES (213, 'Fettige Haut');
INSERT INTO Customer (id, allergies, birthday, blemishes, city, forename, street, streetNumber, surname, zip) VALUES (214, 'Mais', 'ACED00057372000D6A6176612E74696D652E536572955D84BA1B2248B20C00007870770703000007E2091E78', 1, 'Berlüüün', 'Donald', 'Straße', '14D', 'Duck', 12020);
INSERT INTO Customer_currentSkinCare (Customer_id, currentSkinCare) VALUES (214, 'Maske');
INSERT INTO Customer_currentSkinCare (Customer_id, currentSkinCare) VALUES (214, 'Gesichtswasser');
INSERT INTO Customer_improvments (Customer_id, improvments) VALUES (214, 'Unreinheiten bekämpfen, überschüssiges Hautfett regulieren');
INSERT INTO Customer_improvments (Customer_id, improvments) VALUES (214, 'Haut um die Augen straffen, pflegen und Fältchen minimieren');
INSERT INTO Customer_sensitivities (Customer_id, sensitivities) VALUES (214, 'Nicht empfindlich');
INSERT INTO Customer_skinFeatures (Customer_id, skinFeatures) VALUES (214, 'Trockene Haut');
INSERT INTO Customer_skinFeatures (Customer_id, skinFeatures) VALUES (214, 'Fettige Haut');
INSERT INTO Customer (id, allergies, birthday, blemishes, city, forename, street, streetNumber, surname, zip) VALUES (215, 'Soja', 'ACED00057372000D6A6176612E74696D652E536572955D84BA1B2248B20C00007870770703000007E2091E78', 1, 'Berlüüün', 'Nina', 'Straße', '14D', 'Hagen', 12020);
INSERT INTO Customer_currentSkinCare (Customer_id, currentSkinCare) VALUES (215, 'Maske');
INSERT INTO Customer_currentSkinCare (Customer_id, currentSkinCare) VALUES (215, 'Gesichtswasser');
INSERT INTO Customer_improvments (Customer_id, improvments) VALUES (215, 'Unreinheiten bekämpfen, überschüssiges Hautfett regulieren');
INSERT INTO Customer_improvments (Customer_id, improvments) VALUES (215, 'Haut um die Augen straffen, pflegen und Fältchen minimieren');
INSERT INTO Customer_sensitivities (Customer_id, sensitivities) VALUES (215, 'Nicht empfindlich');
INSERT INTO Customer_skinFeatures (Customer_id, skinFeatures) VALUES (215, 'Trockene Haut');
INSERT INTO Customer_skinFeatures (Customer_id, skinFeatures) VALUES (215, 'Fettige Haut');
INSERT INTO Customer (id, allergies, birthday, blemishes, city, forename, street, streetNumber, surname, zip) VALUES (216, 'Weizen', 'ACED00057372000D6A6176612E74696D652E536572955D84BA1B2248B20C00007870770703000007E2091E78', 1, 'Blub', 'Jennie', 'Straße', '14D', 'Musterfrau', 12020);
INSERT INTO Customer_currentSkinCare (Customer_id, currentSkinCare) VALUES (216, 'Maske');
INSERT INTO Customer_currentSkinCare (Customer_id, currentSkinCare) VALUES (216, 'Gesichtswasser');
INSERT INTO Customer_improvments (Customer_id, improvments) VALUES (216, 'Unreinheiten bekämpfen, überschüssiges Hautfett regulieren');
INSERT INTO Customer_improvments (Customer_id, improvments) VALUES (216, 'Haut um die Augen straffen, pflegen und Fältchen minimieren');
INSERT INTO Customer_sensitivities (Customer_id, sensitivities) VALUES (216, 'Nicht empfindlich');
INSERT INTO Customer_skinFeatures (Customer_id, skinFeatures) VALUES (216, 'Trockene Haut');
INSERT INTO Customer_skinFeatures (Customer_id, skinFeatures) VALUES (216, 'Fettige Haut');
INSERT INTO Customer (id, allergies, birthday, blemishes, city, forename, street, streetNumber, surname, zip) VALUES (217, 'Senf', 'ACED00057372000D6A6176612E74696D652E536572955D84BA1B2248B20C00007870770703000007E2091E78', 1, 'Berlüüün', 'Alexander', 'Straße', '14D', 'Mustermann', 12020);
INSERT INTO Customer_currentSkinCare (Customer_id, currentSkinCare) VALUES (217, 'Maske');
INSERT INTO Customer_currentSkinCare (Customer_id, currentSkinCare) VALUES (217, 'Gesichtswasser');
INSERT INTO Customer_improvments (Customer_id, improvments) VALUES (217, 'Unreinheiten bekämpfen, überschüssiges Hautfett regulieren');
INSERT INTO Customer_improvments (Customer_id, improvments) VALUES (217, 'Haut um die Augen straffen, pflegen und Fältchen minimieren');
INSERT INTO Customer_sensitivities (Customer_id, sensitivities) VALUES (217, 'Nicht empfindlich');
INSERT INTO Customer_skinFeatures (Customer_id, skinFeatures) VALUES (217, 'Trockene Haut');
INSERT INTO Customer_skinFeatures (Customer_id, skinFeatures) VALUES (217, 'Fettige Haut');
INSERT INTO Customer (id, allergies, birthday, blemishes, city, forename, street, streetNumber, surname, zip) VALUES (218, 'Senf', 'ACED00057372000D6A6176612E74696D652E536572955D84BA1B2248B20C00007870770703000007E2091E78', 0, 'Berlüüün', 'Bugs', 'Straße', '14D', 'Bunny', 12020);
INSERT INTO Customer_currentSkinCare (Customer_id, currentSkinCare) VALUES (218, 'Maske');
INSERT INTO Customer_currentSkinCare (Customer_id, currentSkinCare) VALUES (218, 'Gesichtswasser');
INSERT INTO Customer_improvments (Customer_id, improvments) VALUES (218, 'Unreinheiten bekämpfen, überschüssiges Hautfett regulieren');
INSERT INTO Customer_improvments (Customer_id, improvments) VALUES (218, 'Haut um die Augen straffen, pflegen und Fältchen minimieren');
INSERT INTO Customer_sensitivities (Customer_id, sensitivities) VALUES (218, 'Nicht empfindlich');
INSERT INTO Customer_skinFeatures (Customer_id, skinFeatures) VALUES (218, 'Trockene Haut');
INSERT INTO Customer_skinFeatures (Customer_id, skinFeatures) VALUES (218, 'Fettige Haut');
INSERT INTO Customer (id, allergies, birthday, blemishes, city, forename, street, streetNumber, surname, zip) VALUES (219, 'Erdnüsse', 'ACED00057372000D6A6176612E74696D652E536572955D84BA1B2248B20C00007870770703000007E2091E78', 1, 'Berlüüün', 'Daisy', 'Straße', '14D', 'Duck', 12020);
INSERT INTO Customer_currentSkinCare (Customer_id, currentSkinCare) VALUES (219, 'Maske');
INSERT INTO Customer_currentSkinCare (Customer_id, currentSkinCare) VALUES (219, 'Gesichtswasser');
INSERT INTO Customer_improvments (Customer_id, improvments) VALUES (219, 'Unreinheiten bekämpfen, überschüssiges Hautfett regulieren');
INSERT INTO Customer_improvments (Customer_id, improvments) VALUES (219, 'Haut um die Augen straffen, pflegen und Fältchen minimieren');
INSERT INTO Customer_sensitivities (Customer_id, sensitivities) VALUES (219, 'Nicht empfindlich');
INSERT INTO Customer_skinFeatures (Customer_id, skinFeatures) VALUES (219, 'Trockene Haut');
INSERT INTO Customer_skinFeatures (Customer_id, skinFeatures) VALUES (219, 'Fettige Haut');
INSERT INTO Customer (id, allergies, birthday, blemishes, city, forename, street, streetNumber, surname, zip) VALUES (220, 'Mais', 'ACED00057372000D6A6176612E74696D652E536572955D84BA1B2248B20C00007870770703000007E2091E78', 1, 'Berlüüün', 'Donald', 'Straße', '14D', 'Duck', 12020);
INSERT INTO Customer_currentSkinCare (Customer_id, currentSkinCare) VALUES (220, 'Maske');
INSERT INTO Customer_currentSkinCare (Customer_id, currentSkinCare) VALUES (220, 'Gesichtswasser');
INSERT INTO Customer_improvments (Customer_id, improvments) VALUES (220, 'Unreinheiten bekämpfen, überschüssiges Hautfett regulieren');
INSERT INTO Customer_improvments (Customer_id, improvments) VALUES (220, 'Haut um die Augen straffen, pflegen und Fältchen minimieren');
INSERT INTO Customer_sensitivities (Customer_id, sensitivities) VALUES (220, 'Nicht empfindlich');
INSERT INTO Customer_skinFeatures (Customer_id, skinFeatures) VALUES (220, 'Trockene Haut');
INSERT INTO Customer_skinFeatures (Customer_id, skinFeatures) VALUES (220, 'Fettige Haut');
INSERT INTO Customer (id, allergies, birthday, blemishes, city, forename, street, streetNumber, surname, zip) VALUES (221, 'Soja', 'ACED00057372000D6A6176612E74696D652E536572955D84BA1B2248B20C00007870770703000007E2091E78', 1, 'Berlüüün', 'Nina', 'Straße', '14D', 'Hagen', 12020);
INSERT INTO Customer_currentSkinCare (Customer_id, currentSkinCare) VALUES (221, 'Maske');
INSERT INTO Customer_currentSkinCare (Customer_id, currentSkinCare) VALUES (221, 'Gesichtswasser');
INSERT INTO Customer_improvments (Customer_id, improvments) VALUES (221, 'Unreinheiten bekämpfen, überschüssiges Hautfett regulieren');
INSERT INTO Customer_improvments (Customer_id, improvments) VALUES (221, 'Haut um die Augen straffen, pflegen und Fältchen minimieren');
INSERT INTO Customer_sensitivities (Customer_id, sensitivities) VALUES (221, 'Nicht empfindlich');
INSERT INTO Customer_skinFeatures (Customer_id, skinFeatures) VALUES (221, 'Trockene Haut');
INSERT INTO Customer_skinFeatures (Customer_id, skinFeatures) VALUES (221, 'Fettige Haut');
INSERT INTO Customer (id, allergies, birthday, blemishes, city, forename, street, streetNumber, surname, zip) VALUES (222, 'Weizen', 'ACED00057372000D6A6176612E74696D652E536572955D84BA1B2248B20C00007870770703000007E2091E78', 1, 'Blub', 'Jennie', 'Straße', '14D', 'Musterfrau', 12020);
INSERT INTO Customer_currentSkinCare (Customer_id, currentSkinCare) VALUES (222, 'Maske');
INSERT INTO Customer_currentSkinCare (Customer_id, currentSkinCare) VALUES (222, 'Gesichtswasser');
INSERT INTO Customer_improvments (Customer_id, improvments) VALUES (222, 'Unreinheiten bekämpfen, überschüssiges Hautfett regulieren');
INSERT INTO Customer_improvments (Customer_id, improvments) VALUES (222, 'Haut um die Augen straffen, pflegen und Fältchen minimieren');
INSERT INTO Customer_sensitivities (Customer_id, sensitivities) VALUES (222, 'Nicht empfindlich');
INSERT INTO Customer_skinFeatures (Customer_id, skinFeatures) VALUES (222, 'Trockene Haut');
INSERT INTO Customer_skinFeatures (Customer_id, skinFeatures) VALUES (222, 'Fettige Haut');
INSERT INTO Customer (id, allergies, birthday, blemishes, city, forename, street, streetNumber, surname, zip) VALUES (223, 'Senf', 'ACED00057372000D6A6176612E74696D652E536572955D84BA1B2248B20C00007870770703000007E2091E78', 1, 'Berlüüün', 'Alexander', 'Straße', '14D', 'Mustermann', 12020);
INSERT INTO Customer_currentSkinCare (Customer_id, currentSkinCare) VALUES (223, 'Maske');
INSERT INTO Customer_currentSkinCare (Customer_id, currentSkinCare) VALUES (223, 'Gesichtswasser');
INSERT INTO Customer_improvments (Customer_id, improvments) VALUES (223, 'Unreinheiten bekämpfen, überschüssiges Hautfett regulieren');
INSERT INTO Customer_improvments (Customer_id, improvments) VALUES (223, 'Haut um die Augen straffen, pflegen und Fältchen minimieren');
INSERT INTO Customer_sensitivities (Customer_id, sensitivities) VALUES (223, 'Nicht empfindlich');
INSERT INTO Customer_skinFeatures (Customer_id, skinFeatures) VALUES (223, 'Trockene Haut');
INSERT INTO Customer_skinFeatures (Customer_id, skinFeatures) VALUES (223, 'Fettige Haut');
INSERT INTO Customer (id, allergies, birthday, blemishes, city, forename, street, streetNumber, surname, zip) VALUES (224, 'Senf', 'ACED00057372000D6A6176612E74696D652E536572955D84BA1B2248B20C00007870770703000007E2091E78', 0, 'Berlüüün', 'Bugs', 'Straße', '14D', 'Bunny', 12020);
INSERT INTO Customer_currentSkinCare (Customer_id, currentSkinCare) VALUES (224, 'Maske');
INSERT INTO Customer_currentSkinCare (Customer_id, currentSkinCare) VALUES (224, 'Gesichtswasser');
INSERT INTO Customer_improvments (Customer_id, improvments) VALUES (224, 'Unreinheiten bekämpfen, überschüssiges Hautfett regulieren');
INSERT INTO Customer_improvments (Customer_id, improvments) VALUES (224, 'Haut um die Augen straffen, pflegen und Fältchen minimieren');
INSERT INTO Customer_sensitivities (Customer_id, sensitivities) VALUES (224, 'Nicht empfindlich');
INSERT INTO Customer_skinFeatures (Customer_id, skinFeatures) VALUES (224, 'Trockene Haut');
INSERT INTO Customer_skinFeatures (Customer_id, skinFeatures) VALUES (224, 'Fettige Haut');
INSERT INTO Customer (id, allergies, birthday, blemishes, city, forename, street, streetNumber, surname, zip) VALUES (225, 'Erdnüsse', 'ACED00057372000D6A6176612E74696D652E536572955D84BA1B2248B20C00007870770703000007E2091E78', 1, 'Berlüüün', 'Daisy', 'Straße', '14D', 'Duck', 12020);
INSERT INTO Customer_currentSkinCare (Customer_id, currentSkinCare) VALUES (225, 'Maske');
INSERT INTO Customer_currentSkinCare (Customer_id, currentSkinCare) VALUES (225, 'Gesichtswasser');
INSERT INTO Customer_improvments (Customer_id, improvments) VALUES (225, 'Unreinheiten bekämpfen, überschüssiges Hautfett regulieren');
INSERT INTO Customer_improvments (Customer_id, improvments) VALUES (225, 'Haut um die Augen straffen, pflegen und Fältchen minimieren');
INSERT INTO Customer_sensitivities (Customer_id, sensitivities) VALUES (225, 'Nicht empfindlich');
INSERT INTO Customer_skinFeatures (Customer_id, skinFeatures) VALUES (225, 'Trockene Haut');
INSERT INTO Customer_skinFeatures (Customer_id, skinFeatures) VALUES (225, 'Fettige Haut');
INSERT INTO Customer (id, allergies, birthday, blemishes, city, forename, street, streetNumber, surname, zip) VALUES (226, 'Mais', 'ACED00057372000D6A6176612E74696D652E536572955D84BA1B2248B20C00007870770703000007E2091E78', 1, 'Berlüüün', 'Donald', 'Straße', '14D', 'Duck', 12020);
INSERT INTO Customer_currentSkinCare (Customer_id, currentSkinCare) VALUES (226, 'Maske');
INSERT INTO Customer_currentSkinCare (Customer_id, currentSkinCare) VALUES (226, 'Gesichtswasser');
INSERT INTO Customer_improvments (Customer_id, improvments) VALUES (226, 'Unreinheiten bekämpfen, überschüssiges Hautfett regulieren');
INSERT INTO Customer_improvments (Customer_id, improvments) VALUES (226, 'Haut um die Augen straffen, pflegen und Fältchen minimieren');
INSERT INTO Customer_sensitivities (Customer_id, sensitivities) VALUES (226, 'Nicht empfindlich');
INSERT INTO Customer_skinFeatures (Customer_id, skinFeatures) VALUES (226, 'Trockene Haut');
INSERT INTO Customer_skinFeatures (Customer_id, skinFeatures) VALUES (226, 'Fettige Haut');
INSERT INTO Customer (id, allergies, birthday, blemishes, city, forename, street, streetNumber, surname, zip) VALUES (227, 'Soja', 'ACED00057372000D6A6176612E74696D652E536572955D84BA1B2248B20C00007870770703000007E2091E78', 1, 'Berlüüün', 'Nina', 'Straße', '14D', 'Hagen', 12020);
INSERT INTO Customer_currentSkinCare (Customer_id, currentSkinCare) VALUES (227, 'Maske');
INSERT INTO Customer_currentSkinCare (Customer_id, currentSkinCare) VALUES (227, 'Gesichtswasser');
INSERT INTO Customer_improvments (Customer_id, improvments) VALUES (227, 'Unreinheiten bekämpfen, überschüssiges Hautfett regulieren');
INSERT INTO Customer_improvments (Customer_id, improvments) VALUES (227, 'Haut um die Augen straffen, pflegen und Fältchen minimieren');
INSERT INTO Customer_sensitivities (Customer_id, sensitivities) VALUES (227, 'Nicht empfindlich');
INSERT INTO Customer_skinFeatures (Customer_id, skinFeatures) VALUES (227, 'Trockene Haut');
INSERT INTO Customer_skinFeatures (Customer_id, skinFeatures) VALUES (227, 'Fettige Haut');
INSERT INTO Customer (id, allergies, birthday, blemishes, city, forename, street, streetNumber, surname, zip) VALUES (228, 'Weizen', 'ACED00057372000D6A6176612E74696D652E536572955D84BA1B2248B20C00007870770703000007E2091E78', 1, 'Blub', 'Jennie', 'Straße', '14D', 'Musterfrau', 12020);
INSERT INTO Customer_currentSkinCare (Customer_id, currentSkinCare) VALUES (228, 'Maske');
INSERT INTO Customer_currentSkinCare (Customer_id, currentSkinCare) VALUES (228, 'Gesichtswasser');
INSERT INTO Customer_improvments (Customer_id, improvments) VALUES (228, 'Unreinheiten bekämpfen, überschüssiges Hautfett regulieren');
INSERT INTO Customer_improvments (Customer_id, improvments) VALUES (228, 'Haut um die Augen straffen, pflegen und Fältchen minimieren');
INSERT INTO Customer_sensitivities (Customer_id, sensitivities) VALUES (228, 'Nicht empfindlich');
INSERT INTO Customer_skinFeatures (Customer_id, skinFeatures) VALUES (228, 'Trockene Haut');
INSERT INTO Customer_skinFeatures (Customer_id, skinFeatures) VALUES (228, 'Fettige Haut');
INSERT INTO Customer (id, allergies, birthday, blemishes, city, forename, street, streetNumber, surname, zip) VALUES (229, 'Senf', 'ACED00057372000D6A6176612E74696D652E536572955D84BA1B2248B20C00007870770703000007E2091E78', 1, 'Berlüüün', 'Alexander', 'Straße', '14D', 'Mustermann', 12020);
INSERT INTO Customer_currentSkinCare (Customer_id, currentSkinCare) VALUES (229, 'Maske');
INSERT INTO Customer_currentSkinCare (Customer_id, currentSkinCare) VALUES (229, 'Gesichtswasser');
INSERT INTO Customer_improvments (Customer_id, improvments) VALUES (229, 'Unreinheiten bekämpfen, überschüssiges Hautfett regulieren');
INSERT INTO Customer_improvments (Customer_id, improvments) VALUES (229, 'Haut um die Augen straffen, pflegen und Fältchen minimieren');
INSERT INTO Customer_sensitivities (Customer_id, sensitivities) VALUES (229, 'Nicht empfindlich');
INSERT INTO Customer_skinFeatures (Customer_id, skinFeatures) VALUES (229, 'Trockene Haut');
INSERT INTO Customer_skinFeatures (Customer_id, skinFeatures) VALUES (229, 'Fettige Haut');
INSERT INTO Customer (id, allergies, birthday, blemishes, city, forename, street, streetNumber, surname, zip) VALUES (230, 'Senf', 'ACED00057372000D6A6176612E74696D652E536572955D84BA1B2248B20C00007870770703000007E2091E78', 0, 'Berlüüün', 'Bugs', 'Straße', '14D', 'Bunny', 12020);
INSERT INTO Customer_currentSkinCare (Customer_id, currentSkinCare) VALUES (230, 'Maske');
INSERT INTO Customer_currentSkinCare (Customer_id, currentSkinCare) VALUES (230, 'Gesichtswasser');
INSERT INTO Customer_improvments (Customer_id, improvments) VALUES (230, 'Unreinheiten bekämpfen, überschüssiges Hautfett regulieren');
INSERT INTO Customer_improvments (Customer_id, improvments) VALUES (230, 'Haut um die Augen straffen, pflegen und Fältchen minimieren');
INSERT INTO Customer_sensitivities (Customer_id, sensitivities) VALUES (230, 'Nicht empfindlich');
INSERT INTO Customer_skinFeatures (Customer_id, skinFeatures) VALUES (230, 'Trockene Haut');
INSERT INTO Customer_skinFeatures (Customer_id, skinFeatures) VALUES (230, 'Fettige Haut');
INSERT INTO Customer (id, allergies, birthday, blemishes, city, forename, street, streetNumber, surname, zip) VALUES (231, 'Erdnüsse', 'ACED00057372000D6A6176612E74696D652E536572955D84BA1B2248B20C00007870770703000007E2091E78', 1, 'Berlüüün', 'Daisy', 'Straße', '14D', 'Duck', 12020);
INSERT INTO Customer_currentSkinCare (Customer_id, currentSkinCare) VALUES (231, 'Maske');
INSERT INTO Customer_currentSkinCare (Customer_id, currentSkinCare) VALUES (231, 'Gesichtswasser');
INSERT INTO Customer_improvments (Customer_id, improvments) VALUES (231, 'Unreinheiten bekämpfen, überschüssiges Hautfett regulieren');
INSERT INTO Customer_improvments (Customer_id, improvments) VALUES (231, 'Haut um die Augen straffen, pflegen und Fältchen minimieren');
INSERT INTO Customer_sensitivities (Customer_id, sensitivities) VALUES (231, 'Nicht empfindlich');
INSERT INTO Customer_skinFeatures (Customer_id, skinFeatures) VALUES (231, 'Trockene Haut');
INSERT INTO Customer_skinFeatures (Customer_id, skinFeatures) VALUES (231, 'Fettige Haut');
INSERT INTO Customer (id, allergies, birthday, blemishes, city, forename, street, streetNumber, surname, zip) VALUES (232, 'Mais', 'ACED00057372000D6A6176612E74696D652E536572955D84BA1B2248B20C00007870770703000007E2091E78', 1, 'Berlüüün', 'Donald', 'Straße', '14D', 'Duck', 12020);
INSERT INTO Customer_currentSkinCare (Customer_id, currentSkinCare) VALUES (232, 'Maske');
INSERT INTO Customer_currentSkinCare (Customer_id, currentSkinCare) VALUES (232, 'Gesichtswasser');
INSERT INTO Customer_improvments (Customer_id, improvments) VALUES (232, 'Unreinheiten bekämpfen, überschüssiges Hautfett regulieren');
INSERT INTO Customer_improvments (Customer_id, improvments) VALUES (232, 'Haut um die Augen straffen, pflegen und Fältchen minimieren');
INSERT INTO Customer_sensitivities (Customer_id, sensitivities) VALUES (232, 'Nicht empfindlich');
INSERT INTO Customer_skinFeatures (Customer_id, skinFeatures) VALUES (232, 'Trockene Haut');
INSERT INTO Customer_skinFeatures (Customer_id, skinFeatures) VALUES (232, 'Fettige Haut');
INSERT INTO Customer (id, allergies, birthday, blemishes, city, forename, street, streetNumber, surname, zip) VALUES (233, 'Soja', 'ACED00057372000D6A6176612E74696D652E536572955D84BA1B2248B20C00007870770703000007E2091E78', 1, 'Berlüüün', 'Nina', 'Straße', '14D', 'Hagen', 12020);
INSERT INTO Customer_currentSkinCare (Customer_id, currentSkinCare) VALUES (233, 'Maske');
INSERT INTO Customer_currentSkinCare (Customer_id, currentSkinCare) VALUES (233, 'Gesichtswasser');
INSERT INTO Customer_improvments (Customer_id, improvments) VALUES (233, 'Unreinheiten bekämpfen, überschüssiges Hautfett regulieren');
INSERT INTO Customer_improvments (Customer_id, improvments) VALUES (233, 'Haut um die Augen straffen, pflegen und Fältchen minimieren');
INSERT INTO Customer_sensitivities (Customer_id, sensitivities) VALUES (233, 'Nicht empfindlich');
INSERT INTO Customer_skinFeatures (Customer_id, skinFeatures) VALUES (233, 'Trockene Haut');
INSERT INTO Customer_skinFeatures (Customer_id, skinFeatures) VALUES (233, 'Fettige Haut');
INSERT INTO Customer (id, allergies, birthday, blemishes, city, forename, street, streetNumber, surname, zip) VALUES (234, 'Weizen', 'ACED00057372000D6A6176612E74696D652E536572955D84BA1B2248B20C00007870770703000007E2091E78', 1, 'Blub', 'Jennie', 'Straße', '14D', 'Musterfrau', 12020);
INSERT INTO Customer_currentSkinCare (Customer_id, currentSkinCare) VALUES (234, 'Maske');
INSERT INTO Customer_currentSkinCare (Customer_id, currentSkinCare) VALUES (234, 'Gesichtswasser');
INSERT INTO Customer_improvments (Customer_id, improvments) VALUES (234, 'Unreinheiten bekämpfen, überschüssiges Hautfett regulieren');
INSERT INTO Customer_improvments (Customer_id, improvments) VALUES (234, 'Haut um die Augen straffen, pflegen und Fältchen minimieren');
INSERT INTO Customer_sensitivities (Customer_id, sensitivities) VALUES (234, 'Nicht empfindlich');
INSERT INTO Customer_skinFeatures (Customer_id, skinFeatures) VALUES (234, 'Trockene Haut');
INSERT INTO Customer_skinFeatures (Customer_id, skinFeatures) VALUES (234, 'Fettige Haut');
INSERT INTO Customer (id, allergies, birthday, blemishes, city, forename, street, streetNumber, surname, zip) VALUES (235, 'Senf', 'ACED00057372000D6A6176612E74696D652E536572955D84BA1B2248B20C00007870770703000007E2091E78', 1, 'Berlüüün', 'Alexander', 'Straße', '14D', 'Mustermann', 12020);
INSERT INTO Customer_currentSkinCare (Customer_id, currentSkinCare) VALUES (235, 'Maske');
INSERT INTO Customer_currentSkinCare (Customer_id, currentSkinCare) VALUES (235, 'Gesichtswasser');
INSERT INTO Customer_improvments (Customer_id, improvments) VALUES (235, 'Unreinheiten bekämpfen, überschüssiges Hautfett regulieren');
INSERT INTO Customer_improvments (Customer_id, improvments) VALUES (235, 'Haut um die Augen straffen, pflegen und Fältchen minimieren');
INSERT INTO Customer_sensitivities (Customer_id, sensitivities) VALUES (235, 'Nicht empfindlich');
INSERT INTO Customer_skinFeatures (Customer_id, skinFeatures) VALUES (235, 'Trockene Haut');
INSERT INTO Customer_skinFeatures (Customer_id, skinFeatures) VALUES (235, 'Fettige Haut');
INSERT INTO Customer (id, allergies, birthday, blemishes, city, forename, street, streetNumber, surname, zip) VALUES (236, 'Senf', 'ACED00057372000D6A6176612E74696D652E536572955D84BA1B2248B20C00007870770703000007E2091E78', 0, 'Berlüüün', 'Bugs', 'Straße', '14D', 'Bunny', 12020);
INSERT INTO Customer_currentSkinCare (Customer_id, currentSkinCare) VALUES (236, 'Maske');
INSERT INTO Customer_currentSkinCare (Customer_id, currentSkinCare) VALUES (236, 'Gesichtswasser');
INSERT INTO Customer_improvments (Customer_id, improvments) VALUES (236, 'Unreinheiten bekämpfen, überschüssiges Hautfett regulieren');
INSERT INTO Customer_improvments (Customer_id, improvments) VALUES (236, 'Haut um die Augen straffen, pflegen und Fältchen minimieren');
INSERT INTO Customer_sensitivities (Customer_id, sensitivities) VALUES (236, 'Nicht empfindlich');
INSERT INTO Customer_skinFeatures (Customer_id, skinFeatures) VALUES (236, 'Trockene Haut');
INSERT INTO Customer_skinFeatures (Customer_id, skinFeatures) VALUES (236, 'Fettige Haut');
INSERT INTO Customer (id, allergies, birthday, blemishes, city, forename, street, streetNumber, surname, zip) VALUES (237, 'Erdnüsse', 'ACED00057372000D6A6176612E74696D652E536572955D84BA1B2248B20C00007870770703000007E2091E78', 1, 'Berlüüün', 'Daisy', 'Straße', '14D', 'Duck', 12020);
INSERT INTO Customer_currentSkinCare (Customer_id, currentSkinCare) VALUES (237, 'Maske');
INSERT INTO Customer_currentSkinCare (Customer_id, currentSkinCare) VALUES (237, 'Gesichtswasser');
INSERT INTO Customer_improvments (Customer_id, improvments) VALUES (237, 'Unreinheiten bekämpfen, überschüssiges Hautfett regulieren');
INSERT INTO Customer_improvments (Customer_id, improvments) VALUES (237, 'Haut um die Augen straffen, pflegen und Fältchen minimieren');
INSERT INTO Customer_sensitivities (Customer_id, sensitivities) VALUES (237, 'Nicht empfindlich');
INSERT INTO Customer_skinFeatures (Customer_id, skinFeatures) VALUES (237, 'Trockene Haut');
INSERT INTO Customer_skinFeatures (Customer_id, skinFeatures) VALUES (237, 'Fettige Haut');
INSERT INTO Customer (id, allergies, birthday, blemishes, city, forename, street, streetNumber, surname, zip) VALUES (238, 'Mais', 'ACED00057372000D6A6176612E74696D652E536572955D84BA1B2248B20C00007870770703000007E2091E78', 1, 'Berlüüün', 'Donald', 'Straße', '14D', 'Duck', 12020);
INSERT INTO Customer_currentSkinCare (Customer_id, currentSkinCare) VALUES (238, 'Maske');
INSERT INTO Customer_currentSkinCare (Customer_id, currentSkinCare) VALUES (238, 'Gesichtswasser');
INSERT INTO Customer_improvments (Customer_id, improvments) VALUES (238, 'Unreinheiten bekämpfen, überschüssiges Hautfett regulieren');
INSERT INTO Customer_improvments (Customer_id, improvments) VALUES (238, 'Haut um die Augen straffen, pflegen und Fältchen minimieren');
INSERT INTO Customer_sensitivities (Customer_id, sensitivities) VALUES (238, 'Nicht empfindlich');
INSERT INTO Customer_skinFeatures (Customer_id, skinFeatures) VALUES (238, 'Trockene Haut');
INSERT INTO Customer_skinFeatures (Customer_id, skinFeatures) VALUES (238, 'Fettige Haut');
INSERT INTO Customer (id, allergies, birthday, blemishes, city, forename, street, streetNumber, surname, zip) VALUES (239, 'Soja', 'ACED00057372000D6A6176612E74696D652E536572955D84BA1B2248B20C00007870770703000007E2091E78', 1, 'Berlüüün', 'Nina', 'Straße', '14D', 'Hagen', 12020);
INSERT INTO Customer_currentSkinCare (Customer_id, currentSkinCare) VALUES (239, 'Maske');
INSERT INTO Customer_currentSkinCare (Customer_id, currentSkinCare) VALUES (239, 'Gesichtswasser');
INSERT INTO Customer_improvments (Customer_id, improvments) VALUES (239, 'Unreinheiten bekämpfen, überschüssiges Hautfett regulieren');
INSERT INTO Customer_improvments (Customer_id, improvments) VALUES (239, 'Haut um die Augen straffen, pflegen und Fältchen minimieren');
INSERT INTO Customer_sensitivities (Customer_id, sensitivities) VALUES (239, 'Nicht empfindlich');
INSERT INTO Customer_skinFeatures (Customer_id, skinFeatures) VALUES (239, 'Trockene Haut');
INSERT INTO Customer_skinFeatures (Customer_id, skinFeatures) VALUES (239, 'Fettige Haut');
INSERT INTO Customer (id, allergies, birthday, blemishes, city, forename, street, streetNumber, surname, zip) VALUES (240, 'Weizen', 'ACED00057372000D6A6176612E74696D652E536572955D84BA1B2248B20C00007870770703000007E2091E78', 1, 'Blub', 'Jennie', 'Straße', '14D', 'Musterfrau', 12020);
INSERT INTO Customer_currentSkinCare (Customer_id, currentSkinCare) VALUES (240, 'Maske');
INSERT INTO Customer_currentSkinCare (Customer_id, currentSkinCare) VALUES (240, 'Gesichtswasser');
INSERT INTO Customer_improvments (Customer_id, improvments) VALUES (240, 'Unreinheiten bekämpfen, überschüssiges Hautfett regulieren');
INSERT INTO Customer_improvments (Customer_id, improvments) VALUES (240, 'Haut um die Augen straffen, pflegen und Fältchen minimieren');
INSERT INTO Customer_sensitivities (Customer_id, sensitivities) VALUES (240, 'Nicht empfindlich');
INSERT INTO Customer_skinFeatures (Customer_id, skinFeatures) VALUES (240, 'Trockene Haut');
INSERT INTO Customer_skinFeatures (Customer_id, skinFeatures) VALUES (240, 'Fettige Haut');

/* Data from NotifiactionImportData */
INSERT INTO Notification (id, date, done, notificationType) VALUES (1, 'ACED00057372000D6A6176612E74696D652E536572955D84BA1B2248B20C00007870770703000007E2020178', 0, 'REORDER');
INSERT INTO Notification (id, date, done, notificationType) VALUES (2, 'ACED00057372000D6A6176612E74696D652E536572955D84BA1B2248B20C00007870770703000007E2030278', 0, 'CUSTOMERSERVICE');
INSERT INTO Notification (id, date, done, notificationType) VALUES (3, 'ACED00057372000D6A6176612E74696D652E536572955D84BA1B2248B20C00007870770703000007E2040378', 0, 'REORDER');
INSERT INTO Notification (id, date, done, notificationType) VALUES (4, 'ACED00057372000D6A6176612E74696D652E536572955D84BA1B2248B20C00007870770703000007E2050478', 0, 'CUSTOMERSERVICE');
INSERT INTO Notification (id, date, done, notificationType) VALUES (5, 'ACED00057372000D6A6176612E74696D652E536572955D84BA1B2248B20C00007870770703000007E2060578', 0, 'REORDER');
INSERT INTO Notification (id, date, done, notificationType) VALUES (6, 'ACED00057372000D6A6176612E74696D652E536572955D84BA1B2248B20C00007870770703000007E2070678', 0, 'CUSTOMERSERVICE');
INSERT INTO Notification (id, date, done, notificationType) VALUES (7, 'ACED00057372000D6A6176612E74696D652E536572955D84BA1B2248B20C00007870770703000007E2080778', 0, 'REORDER');
INSERT INTO Notification (id, date, done, notificationType) VALUES (8, 'ACED00057372000D6A6176612E74696D652E536572955D84BA1B2248B20C00007870770703000007E2090878', 0, 'CUSTOMERSERVICE');
INSERT INTO Notification (id, date, done, notificationType) VALUES (9, 'ACED00057372000D6A6176612E74696D652E536572955D84BA1B2248B20C00007870770703000007E20A0978', 0, 'REORDER');
INSERT INTO Notification (id, date, done, notificationType) VALUES (10, 'ACED00057372000D6A6176612E74696D652E536572955D84BA1B2248B20C00007870770703000007E20B0A78', 0, 'CUSTOMERSERVICE');
INSERT INTO Notification (id, date, done, notificationType) VALUES (11, 'ACED00057372000D6A6176612E74696D652E536572955D84BA1B2248B20C00007870770703000007E20C0B78', 0, 'REORDER');
INSERT INTO Notification (id, date, done, notificationType) VALUES (12, 'ACED00057372000D6A6176612E74696D652E536572955D84BA1B2248B20C00007870770703000007E2010C78', 0, 'CUSTOMERSERVICE');
INSERT INTO Notification (id, date, done, notificationType) VALUES (13, 'ACED00057372000D6A6176612E74696D652E536572955D84BA1B2248B20C00007870770703000007E2020D78', 0, 'REORDER');
INSERT INTO Notification (id, date, done, notificationType) VALUES (14, 'ACED00057372000D6A6176612E74696D652E536572955D84BA1B2248B20C00007870770703000007E2030E78', 0, 'CUSTOMERSERVICE');
INSERT INTO Notification (id, date, done, notificationType) VALUES (15, 'ACED00057372000D6A6176612E74696D652E536572955D84BA1B2248B20C00007870770703000007E2040F78', 0, 'REORDER');
INSERT INTO Notification (id, date, done, notificationType) VALUES (16, 'ACED00057372000D6A6176612E74696D652E536572955D84BA1B2248B20C00007870770703000007E2051078', 0, 'CUSTOMERSERVICE');
INSERT INTO Notification (id, date, done, notificationType) VALUES (17, 'ACED00057372000D6A6176612E74696D652E536572955D84BA1B2248B20C00007870770703000007E2061178', 0, 'REORDER');
INSERT INTO Notification (id, date, done, notificationType) VALUES (18, 'ACED00057372000D6A6176612E74696D652E536572955D84BA1B2248B20C00007870770703000007E2071278', 0, 'CUSTOMERSERVICE');
INSERT INTO Notification (id, date, done, notificationType) VALUES (19, 'ACED00057372000D6A6176612E74696D652E536572955D84BA1B2248B20C00007870770703000007E2081378', 0, 'REORDER');
INSERT INTO Notification (id, date, done, notificationType) VALUES (20, 'ACED00057372000D6A6176612E74696D652E536572955D84BA1B2248B20C00007870770703000007E2091478', 0, 'CUSTOMERSERVICE');
INSERT INTO Notification (id, date, done, notificationType) VALUES (21, 'ACED00057372000D6A6176612E74696D652E536572955D84BA1B2248B20C00007870770703000007E20A1578', 0, 'REORDER');
INSERT INTO Notification (id, date, done, notificationType) VALUES (22, 'ACED00057372000D6A6176612E74696D652E536572955D84BA1B2248B20C00007870770703000007E20B1678', 0, 'CUSTOMERSERVICE');
INSERT INTO Notification (id, date, done, notificationType) VALUES (23, 'ACED00057372000D6A6176612E74696D652E536572955D84BA1B2248B20C00007870770703000007E20C1778', 0, 'REORDER');
INSERT INTO Notification (id, date, done, notificationType) VALUES (24, 'ACED00057372000D6A6176612E74696D652E536572955D84BA1B2248B20C00007870770703000007E2011878', 0, 'CUSTOMERSERVICE');
INSERT INTO Notification (id, date, done, notificationType) VALUES (25, 'ACED00057372000D6A6176612E74696D652E536572955D84BA1B2248B20C00007870770703000007E2021978', 0, 'REORDER');
INSERT INTO Notification (id, date, done, notificationType) VALUES (26, 'ACED00057372000D6A6176612E74696D652E536572955D84BA1B2248B20C00007870770703000007E2031A78', 0, 'CUSTOMERSERVICE');
INSERT INTO Notification (id, date, done, notificationType) VALUES (27, 'ACED00057372000D6A6176612E74696D652E536572955D84BA1B2248B20C00007870770703000007E2041B78', 0, 'REORDER');
INSERT INTO Notification (id, date, done, notificationType) VALUES (28, 'ACED00057372000D6A6176612E74696D652E536572955D84BA1B2248B20C00007870770703000007E2051C78', 0, 'CUSTOMERSERVICE');
INSERT INTO Notification (id, date, done, notificationType) VALUES (29, 'ACED00057372000D6A6176612E74696D652E536572955D84BA1B2248B20C00007870770703000007E2061D78', 0, 'REORDER');

/* Data from OrderImportData */
INSERT INTO "Order" (id, createdDate, deliveryDate, discountPercentage, paymentState, receiptNumber, state) VALUES (1, 'ACED00057372000D6A6176612E74696D652E536572955D84BA1B2248B20C00007870770703000007E2091E78', 'ACED00057372000D6A6176612E74696D652E536572955D84BA1B2248B20C00007870770703000007E2091E78', 0, 'COMPLETE', 0, 'OPEN');
INSERT INTO "Order" (id, createdDate, deliveryDate, discountPercentage, paymentState, receiptNumber, state) VALUES (2, 'ACED00057372000D6A6176612E74696D652E536572955D84BA1B2248B20C00007870770703000007E2091E78', 'ACED00057372000D6A6176612E74696D652E536572955D84BA1B2248B20C00007870770703000007E2091E78', 1, 'PARTIALLY', 1, 'MODIFIED');
INSERT INTO "Order" (id, createdDate, deliveryDate, discountPercentage, paymentState, receiptNumber, state) VALUES (3, 'ACED00057372000D6A6176612E74696D652E536572955D84BA1B2248B20C00007870770703000007E2091E78', 'ACED00057372000D6A6176612E74696D652E536572955D84BA1B2248B20C00007870770703000007E2091E78', 2, 'NONE', 2, 'COMPLETE');
INSERT INTO "Order" (id, createdDate, deliveryDate, discountPercentage, paymentState, receiptNumber, state) VALUES (4, 'ACED00057372000D6A6176612E74696D652E536572955D84BA1B2248B20C00007870770703000007E2091E78', 'ACED00057372000D6A6176612E74696D652E536572955D84BA1B2248B20C00007870770703000007E2091E78', 3, 'COMPLETE', 3, 'OPEN');
INSERT INTO "Order" (id, createdDate, deliveryDate, discountPercentage, paymentState, receiptNumber, state) VALUES (5, 'ACED00057372000D6A6176612E74696D652E536572955D84BA1B2248B20C00007870770703000007E2091E78', 'ACED00057372000D6A6176612E74696D652E536572955D84BA1B2248B20C00007870770703000007E2091E78', 4, 'PARTIALLY', 4, 'MODIFIED');
INSERT INTO "Order" (id, createdDate, deliveryDate, discountPercentage, paymentState, receiptNumber, state) VALUES (6, 'ACED00057372000D6A6176612E74696D652E536572955D84BA1B2248B20C00007870770703000007E2091E78', 'ACED00057372000D6A6176612E74696D652E536572955D84BA1B2248B20C00007870770703000007E2091E78', 5, 'NONE', 5, 'COMPLETE');
INSERT INTO "Order" (id, createdDate, deliveryDate, discountPercentage, paymentState, receiptNumber, state) VALUES (7, 'ACED00057372000D6A6176612E74696D652E536572955D84BA1B2248B20C00007870770703000007E2091E78', 'ACED00057372000D6A6176612E74696D652E536572955D84BA1B2248B20C00007870770703000007E2091E78', 6, 'COMPLETE', 6, 'OPEN');
INSERT INTO "Order" (id, createdDate, deliveryDate, discountPercentage, paymentState, receiptNumber, state) VALUES (8, 'ACED00057372000D6A6176612E74696D652E536572955D84BA1B2248B20C00007870770703000007E2091E78', 'ACED00057372000D6A6176612E74696D652E536572955D84BA1B2248B20C00007870770703000007E2091E78', 7, 'PARTIALLY', 7, 'MODIFIED');
INSERT INTO "Order" (id, createdDate, deliveryDate, discountPercentage, paymentState, receiptNumber, state) VALUES (9, 'ACED00057372000D6A6176612E74696D652E536572955D84BA1B2248B20C00007870770703000007E2091E78', 'ACED00057372000D6A6176612E74696D652E536572955D84BA1B2248B20C00007870770703000007E2091E78', 8, 'NONE', 8, 'COMPLETE');
INSERT INTO "Order" (id, createdDate, deliveryDate, discountPercentage, paymentState, receiptNumber, state) VALUES (10, 'ACED00057372000D6A6176612E74696D652E536572955D84BA1B2248B20C00007870770703000007E2091E78', 'ACED00057372000D6A6176612E74696D652E536572955D84BA1B2248B20C00007870770703000007E2091E78', 9, 'COMPLETE', 9, 'OPEN');
INSERT INTO "Order" (id, createdDate, deliveryDate, discountPercentage, paymentState, receiptNumber, state) VALUES (11, 'ACED00057372000D6A6176612E74696D652E536572955D84BA1B2248B20C00007870770703000007E2091E78', 'ACED00057372000D6A6176612E74696D652E536572955D84BA1B2248B20C00007870770703000007E2091E78', 10, 'PARTIALLY', 10, 'MODIFIED');
INSERT INTO "Order" (id, createdDate, deliveryDate, discountPercentage, paymentState, receiptNumber, state) VALUES (12, 'ACED00057372000D6A6176612E74696D652E536572955D84BA1B2248B20C00007870770703000007E2091E78', 'ACED00057372000D6A6176612E74696D652E536572955D84BA1B2248B20C00007870770703000007E2091E78', 11, 'NONE', 11, 'COMPLETE');
INSERT INTO "Order" (id, createdDate, deliveryDate, discountPercentage, paymentState, receiptNumber, state) VALUES (13, 'ACED00057372000D6A6176612E74696D652E536572955D84BA1B2248B20C00007870770703000007E2091E78', 'ACED00057372000D6A6176612E74696D652E536572955D84BA1B2248B20C00007870770703000007E2091E78', 12, 'COMPLETE', 12, 'OPEN');
INSERT INTO "Order" (id, createdDate, deliveryDate, discountPercentage, paymentState, receiptNumber, state) VALUES (14, 'ACED00057372000D6A6176612E74696D652E536572955D84BA1B2248B20C00007870770703000007E2091E78', 'ACED00057372000D6A6176612E74696D652E536572955D84BA1B2248B20C00007870770703000007E2091E78', 13, 'PARTIALLY', 13, 'MODIFIED');
INSERT INTO "Order" (id, createdDate, deliveryDate, discountPercentage, paymentState, receiptNumber, state) VALUES (15, 'ACED00057372000D6A6176612E74696D652E536572955D84BA1B2248B20C00007870770703000007E2091E78', 'ACED00057372000D6A6176612E74696D652E536572955D84BA1B2248B20C00007870770703000007E2091E78', 14, 'NONE', 14, 'COMPLETE');
INSERT INTO "Order" (id, createdDate, deliveryDate, discountPercentage, paymentState, receiptNumber, state) VALUES (16, 'ACED00057372000D6A6176612E74696D652E536572955D84BA1B2248B20C00007870770703000007E2091E78', 'ACED00057372000D6A6176612E74696D652E536572955D84BA1B2248B20C00007870770703000007E2091E78', 15, 'COMPLETE', 15, 'OPEN');
INSERT INTO "Order" (id, createdDate, deliveryDate, discountPercentage, paymentState, receiptNumber, state) VALUES (17, 'ACED00057372000D6A6176612E74696D652E536572955D84BA1B2248B20C00007870770703000007E2091E78', 'ACED00057372000D6A6176612E74696D652E536572955D84BA1B2248B20C00007870770703000007E2091E78', 16, 'PARTIALLY', 16, 'MODIFIED');
INSERT INTO "Order" (id, createdDate, deliveryDate, discountPercentage, paymentState, receiptNumber, state) VALUES (18, 'ACED00057372000D6A6176612E74696D652E536572955D84BA1B2248B20C00007870770703000007E2091E78', 'ACED00057372000D6A6176612E74696D652E536572955D84BA1B2248B20C00007870770703000007E2091E78', 17, 'NONE', 17, 'COMPLETE');
INSERT INTO "Order" (id, createdDate, deliveryDate, discountPercentage, paymentState, receiptNumber, state) VALUES (19, 'ACED00057372000D6A6176612E74696D652E536572955D84BA1B2248B20C00007870770703000007E2091E78', 'ACED00057372000D6A6176612E74696D652E536572955D84BA1B2248B20C00007870770703000007E2091E78', 18, 'COMPLETE', 18, 'OPEN');
INSERT INTO "Order" (id, createdDate, deliveryDate, discountPercentage, paymentState, receiptNumber, state) VALUES (20, 'ACED00057372000D6A6176612E74696D652E536572955D84BA1B2248B20C00007870770703000007E2091E78', 'ACED00057372000D6A6176612E74696D652E536572955D84BA1B2248B20C00007870770703000007E2091E78', 19, 'PARTIALLY', 19, 'MODIFIED');
INSERT INTO "Order" (id, createdDate, deliveryDate, discountPercentage, paymentState, receiptNumber, state) VALUES (21, 'ACED00057372000D6A6176612E74696D652E536572955D84BA1B2248B20C00007870770703000007E2091E78', 'ACED00057372000D6A6176612E74696D652E536572955D84BA1B2248B20C00007870770703000007E2091E78', 20, 'NONE', 20, 'COMPLETE');
INSERT INTO "Order" (id, createdDate, deliveryDate, discountPercentage, paymentState, receiptNumber, state) VALUES (22, 'ACED00057372000D6A6176612E74696D652E536572955D84BA1B2248B20C00007870770703000007E2091E78', 'ACED00057372000D6A6176612E74696D652E536572955D84BA1B2248B20C00007870770703000007E2091E78', 21, 'COMPLETE', 21, 'OPEN');
INSERT INTO "Order" (id, createdDate, deliveryDate, discountPercentage, paymentState, receiptNumber, state) VALUES (23, 'ACED00057372000D6A6176612E74696D652E536572955D84BA1B2248B20C00007870770703000007E2091E78', 'ACED00057372000D6A6176612E74696D652E536572955D84BA1B2248B20C00007870770703000007E2091E78', 22, 'PARTIALLY', 22, 'MODIFIED');
INSERT INTO "Order" (id, createdDate, deliveryDate, discountPercentage, paymentState, receiptNumber, state) VALUES (24, 'ACED00057372000D6A6176612E74696D652E536572955D84BA1B2248B20C00007870770703000007E2091E78', 'ACED00057372000D6A6176612E74696D652E536572955D84BA1B2248B20C00007870770703000007E2091E78', 23, 'NONE', 23, 'COMPLETE');
INSERT INTO "Order" (id, createdDate, deliveryDate, discountPercentage, paymentState, receiptNumber, state) VALUES (25, 'ACED00057372000D6A6176612E74696D652E536572955D84BA1B2248B20C00007870770703000007E2091E78', 'ACED00057372000D6A6176612E74696D652E536572955D84BA1B2248B20C00007870770703000007E2091E78', 24, 'COMPLETE', 24, 'OPEN');
INSERT INTO "Order" (id, createdDate, deliveryDate, discountPercentage, paymentState, receiptNumber, state) VALUES (26, 'ACED00057372000D6A6176612E74696D652E536572955D84BA1B2248B20C00007870770703000007E2091E78', 'ACED00057372000D6A6176612E74696D652E536572955D84BA1B2248B20C00007870770703000007E2091E78', 25, 'PARTIALLY', 25, 'MODIFIED');
INSERT INTO "Order" (id, createdDate, deliveryDate, discountPercentage, paymentState, receiptNumber, state) VALUES (27, 'ACED00057372000D6A6176612E74696D652E536572955D84BA1B2248B20C00007870770703000007E2091E78', 'ACED00057372000D6A6176612E74696D652E536572955D84BA1B2248B20C00007870770703000007E2091E78', 26, 'NONE', 26, 'COMPLETE');
INSERT INTO "Order" (id, createdDate, deliveryDate, discountPercentage, paymentState, receiptNumber, state) VALUES (28, 'ACED00057372000D6A6176612E74696D652E536572955D84BA1B2248B20C00007870770703000007E2091E78', 'ACED00057372000D6A6176612E74696D652E536572955D84BA1B2248B20C00007870770703000007E2091E78', 27, 'COMPLETE', 27, 'OPEN');
INSERT INTO "Order" (id, createdDate, deliveryDate, discountPercentage, paymentState, receiptNumber, state) VALUES (29, 'ACED00057372000D6A6176612E74696D652E536572955D84BA1B2248B20C00007870770703000007E2091E78', 'ACED00057372000D6A6176612E74696D652E536572955D84BA1B2248B20C00007870770703000007E2091E78', 28, 'PARTIALLY', 28, 'MODIFIED');
INSERT INTO "Order" (id, createdDate, deliveryDate, discountPercentage, paymentState, receiptNumber, state) VALUES (30, 'ACED00057372000D6A6176612E74696D652E536572955D84BA1B2248B20C00007870770703000007E2091E78', 'ACED00057372000D6A6176612E74696D652E536572955D84BA1B2248B20C00007870770703000007E2091E78', 29, 'NONE', 29, 'COMPLETE');
INSERT INTO "Order" (id, createdDate, deliveryDate, discountPercentage, paymentState, receiptNumber, state) VALUES (31, 'ACED00057372000D6A6176612E74696D652E536572955D84BA1B2248B20C00007870770703000007E2091E78', 'ACED00057372000D6A6176612E74696D652E536572955D84BA1B2248B20C00007870770703000007E2091E78', 30, 'COMPLETE', 30, 'OPEN');
INSERT INTO "Order" (id, createdDate, deliveryDate, discountPercentage, paymentState, receiptNumber, state) VALUES (32, 'ACED00057372000D6A6176612E74696D652E536572955D84BA1B2248B20C00007870770703000007E2091E78', 'ACED00057372000D6A6176612E74696D652E536572955D84BA1B2248B20C00007870770703000007E2091E78', 31, 'PARTIALLY', 31, 'MODIFIED');
INSERT INTO "Order" (id, createdDate, deliveryDate, discountPercentage, paymentState, receiptNumber, state) VALUES (33, 'ACED00057372000D6A6176612E74696D652E536572955D84BA1B2248B20C00007870770703000007E2091E78', 'ACED00057372000D6A6176612E74696D652E536572955D84BA1B2248B20C00007870770703000007E2091E78', 32, 'NONE', 32, 'COMPLETE');
INSERT INTO "Order" (id, createdDate, deliveryDate, discountPercentage, paymentState, receiptNumber, state) VALUES (34, 'ACED00057372000D6A6176612E74696D652E536572955D84BA1B2248B20C00007870770703000007E2091E78', 'ACED00057372000D6A6176612E74696D652E536572955D84BA1B2248B20C00007870770703000007E2091E78', 33, 'COMPLETE', 33, 'OPEN');
INSERT INTO "Order" (id, createdDate, deliveryDate, discountPercentage, paymentState, receiptNumber, state) VALUES (35, 'ACED00057372000D6A6176612E74696D652E536572955D84BA1B2248B20C00007870770703000007E2091E78', 'ACED00057372000D6A6176612E74696D652E536572955D84BA1B2248B20C00007870770703000007E2091E78', 34, 'PARTIALLY', 34, 'MODIFIED');
INSERT INTO "Order" (id, createdDate, deliveryDate, discountPercentage, paymentState, receiptNumber, state) VALUES (36, 'ACED00057372000D6A6176612E74696D652E536572955D84BA1B2248B20C00007870770703000007E2091E78', 'ACED00057372000D6A6176612E74696D652E536572955D84BA1B2248B20C00007870770703000007E2091E78', 35, 'NONE', 35, 'COMPLETE');
INSERT INTO "Order" (id, createdDate, deliveryDate, discountPercentage, paymentState, receiptNumber, state) VALUES (37, 'ACED00057372000D6A6176612E74696D652E536572955D84BA1B2248B20C00007870770703000007E2091E78', 'ACED00057372000D6A6176612E74696D652E536572955D84BA1B2248B20C00007870770703000007E2091E78', 36, 'COMPLETE', 36, 'OPEN');
INSERT INTO "Order" (id, createdDate, deliveryDate, discountPercentage, paymentState, receiptNumber, state) VALUES (38, 'ACED00057372000D6A6176612E74696D652E536572955D84BA1B2248B20C00007870770703000007E2091E78', 'ACED00057372000D6A6176612E74696D652E536572955D84BA1B2248B20C00007870770703000007E2091E78', 37, 'PARTIALLY', 37, 'MODIFIED');
INSERT INTO "Order" (id, createdDate, deliveryDate, discountPercentage, paymentState, receiptNumber, state) VALUES (39, 'ACED00057372000D6A6176612E74696D652E536572955D84BA1B2248B20C00007870770703000007E2091E78', 'ACED00057372000D6A6176612E74696D652E536572955D84BA1B2248B20C00007870770703000007E2091E78', 38, 'NONE', 38, 'COMPLETE');
INSERT INTO "Order" (id, createdDate, deliveryDate, discountPercentage, paymentState, receiptNumber, state) VALUES (40, 'ACED00057372000D6A6176612E74696D652E536572955D84BA1B2248B20C00007870770703000007E2091E78', 'ACED00057372000D6A6176612E74696D652E536572955D84BA1B2248B20C00007870770703000007E2091E78', 39, 'COMPLETE', 39, 'OPEN');
INSERT INTO "Order" (id, createdDate, deliveryDate, discountPercentage, paymentState, receiptNumber, state) VALUES (41, 'ACED00057372000D6A6176612E74696D652E536572955D84BA1B2248B20C00007870770703000007E2091E78', 'ACED00057372000D6A6176612E74696D652E536572955D84BA1B2248B20C00007870770703000007E2091E78', 40, 'PARTIALLY', 40, 'MODIFIED');
INSERT INTO "Order" (id, createdDate, deliveryDate, discountPercentage, paymentState, receiptNumber, state) VALUES (42, 'ACED00057372000D6A6176612E74696D652E536572955D84BA1B2248B20C00007870770703000007E2091E78', 'ACED00057372000D6A6176612E74696D652E536572955D84BA1B2248B20C00007870770703000007E2091E78', 41, 'NONE', 41, 'COMPLETE');
INSERT INTO "Order" (id, createdDate, deliveryDate, discountPercentage, paymentState, receiptNumber, state) VALUES (43, 'ACED00057372000D6A6176612E74696D652E536572955D84BA1B2248B20C00007870770703000007E2091E78', 'ACED00057372000D6A6176612E74696D652E536572955D84BA1B2248B20C00007870770703000007E2091E78', 42, 'COMPLETE', 42, 'OPEN');
INSERT INTO "Order" (id, createdDate, deliveryDate, discountPercentage, paymentState, receiptNumber, state) VALUES (44, 'ACED00057372000D6A6176612E74696D652E536572955D84BA1B2248B20C00007870770703000007E2091E78', 'ACED00057372000D6A6176612E74696D652E536572955D84BA1B2248B20C00007870770703000007E2091E78', 43, 'PARTIALLY', 43, 'MODIFIED');
INSERT INTO "Order" (id, createdDate, deliveryDate, discountPercentage, paymentState, receiptNumber, state) VALUES (45, 'ACED00057372000D6A6176612E74696D652E536572955D84BA1B2248B20C00007870770703000007E2091E78', 'ACED00057372000D6A6176612E74696D652E536572955D84BA1B2248B20C00007870770703000007E2091E78', 44, 'NONE', 44, 'COMPLETE');
INSERT INTO "Order" (id, createdDate, deliveryDate, discountPercentage, paymentState, receiptNumber, state) VALUES (46, 'ACED00057372000D6A6176612E74696D652E536572955D84BA1B2248B20C00007870770703000007E2091E78', 'ACED00057372000D6A6176612E74696D652E536572955D84BA1B2248B20C00007870770703000007E2091E78', 45, 'COMPLETE', 45, 'OPEN');
INSERT INTO "Order" (id, createdDate, deliveryDate, discountPercentage, paymentState, receiptNumber, state) VALUES (47, 'ACED00057372000D6A6176612E74696D652E536572955D84BA1B2248B20C00007870770703000007E2091E78', 'ACED00057372000D6A6176612E74696D652E536572955D84BA1B2248B20C00007870770703000007E2091E78', 46, 'PARTIALLY', 46, 'MODIFIED');
INSERT INTO "Order" (id, createdDate, deliveryDate, discountPercentage, paymentState, receiptNumber, state) VALUES (48, 'ACED00057372000D6A6176612E74696D652E536572955D84BA1B2248B20C00007870770703000007E2091E78', 'ACED00057372000D6A6176612E74696D652E536572955D84BA1B2248B20C00007870770703000007E2091E78', 47, 'NONE', 47, 'COMPLETE');
INSERT INTO "Order" (id, createdDate, deliveryDate, discountPercentage, paymentState, receiptNumber, state) VALUES (49, 'ACED00057372000D6A6176612E74696D652E536572955D84BA1B2248B20C00007870770703000007E2091E78', 'ACED00057372000D6A6176612E74696D652E536572955D84BA1B2248B20C00007870770703000007E2091E78', 48, 'COMPLETE', 48, 'OPEN');
INSERT INTO "Order" (id, createdDate, deliveryDate, discountPercentage, paymentState, receiptNumber, state) VALUES (50, 'ACED00057372000D6A6176612E74696D652E536572955D84BA1B2248B20C00007870770703000007E2091E78', 'ACED00057372000D6A6176612E74696D652E536572955D84BA1B2248B20C00007870770703000007E2091E78', 49, 'PARTIALLY', 49, 'MODIFIED');
INSERT INTO "Order" (id, createdDate, deliveryDate, discountPercentage, paymentState, receiptNumber, state) VALUES (51, 'ACED00057372000D6A6176612E74696D652E536572955D84BA1B2248B20C00007870770703000007E2091E78', 'ACED00057372000D6A6176612E74696D652E536572955D84BA1B2248B20C00007870770703000007E2091E78', 50, 'NONE', 50, 'COMPLETE');
INSERT INTO "Order" (id, createdDate, deliveryDate, discountPercentage, paymentState, receiptNumber, state) VALUES (52, 'ACED00057372000D6A6176612E74696D652E536572955D84BA1B2248B20C00007870770703000007E2091E78', 'ACED00057372000D6A6176612E74696D652E536572955D84BA1B2248B20C00007870770703000007E2091E78', 51, 'COMPLETE', 51, 'OPEN');
INSERT INTO "Order" (id, createdDate, deliveryDate, discountPercentage, paymentState, receiptNumber, state) VALUES (53, 'ACED00057372000D6A6176612E74696D652E536572955D84BA1B2248B20C00007870770703000007E2091E78', 'ACED00057372000D6A6176612E74696D652E536572955D84BA1B2248B20C00007870770703000007E2091E78', 52, 'PARTIALLY', 52, 'MODIFIED');
INSERT INTO "Order" (id, createdDate, deliveryDate, discountPercentage, paymentState, receiptNumber, state) VALUES (54, 'ACED00057372000D6A6176612E74696D652E536572955D84BA1B2248B20C00007870770703000007E2091E78', 'ACED00057372000D6A6176612E74696D652E536572955D84BA1B2248B20C00007870770703000007E2091E78', 53, 'NONE', 53, 'COMPLETE');
INSERT INTO "Order" (id, createdDate, deliveryDate, discountPercentage, paymentState, receiptNumber, state) VALUES (55, 'ACED00057372000D6A6176612E74696D652E536572955D84BA1B2248B20C00007870770703000007E2091E78', 'ACED00057372000D6A6176612E74696D652E536572955D84BA1B2248B20C00007870770703000007E2091E78', 54, 'COMPLETE', 54, 'OPEN');
INSERT INTO "Order" (id, createdDate, deliveryDate, discountPercentage, paymentState, receiptNumber, state) VALUES (56, 'ACED00057372000D6A6176612E74696D652E536572955D84BA1B2248B20C00007870770703000007E2091E78', 'ACED00057372000D6A6176612E74696D652E536572955D84BA1B2248B20C00007870770703000007E2091E78', 55, 'PARTIALLY', 55, 'MODIFIED');
INSERT INTO "Order" (id, createdDate, deliveryDate, discountPercentage, paymentState, receiptNumber, state) VALUES (57, 'ACED00057372000D6A6176612E74696D652E536572955D84BA1B2248B20C00007870770703000007E2091E78', 'ACED00057372000D6A6176612E74696D652E536572955D84BA1B2248B20C00007870770703000007E2091E78', 56, 'NONE', 56, 'COMPLETE');
INSERT INTO "Order" (id, createdDate, deliveryDate, discountPercentage, paymentState, receiptNumber, state) VALUES (58, 'ACED00057372000D6A6176612E74696D652E536572955D84BA1B2248B20C00007870770703000007E2091E78', 'ACED00057372000D6A6176612E74696D652E536572955D84BA1B2248B20C00007870770703000007E2091E78', 57, 'COMPLETE', 57, 'OPEN');
INSERT INTO "Order" (id, createdDate, deliveryDate, discountPercentage, paymentState, receiptNumber, state) VALUES (59, 'ACED00057372000D6A6176612E74696D652E536572955D84BA1B2248B20C00007870770703000007E2091E78', 'ACED00057372000D6A6176612E74696D652E536572955D84BA1B2248B20C00007870770703000007E2091E78', 58, 'PARTIALLY', 58, 'MODIFIED');
INSERT INTO "Order" (id, createdDate, deliveryDate, discountPercentage, paymentState, receiptNumber, state) VALUES (60, 'ACED00057372000D6A6176612E74696D652E536572955D84BA1B2248B20C00007870770703000007E2091E78', 'ACED00057372000D6A6176612E74696D652E536572955D84BA1B2248B20C00007870770703000007E2091E78', 59, 'NONE', 59, 'COMPLETE');
INSERT INTO "Order" (id, createdDate, deliveryDate, discountPercentage, paymentState, receiptNumber, state) VALUES (61, 'ACED00057372000D6A6176612E74696D652E536572955D84BA1B2248B20C00007870770703000007E2091E78', 'ACED00057372000D6A6176612E74696D652E536572955D84BA1B2248B20C00007870770703000007E2091E78', 60, 'COMPLETE', 60, 'OPEN');
INSERT INTO "Order" (id, createdDate, deliveryDate, discountPercentage, paymentState, receiptNumber, state) VALUES (62, 'ACED00057372000D6A6176612E74696D652E536572955D84BA1B2248B20C00007870770703000007E2091E78', 'ACED00057372000D6A6176612E74696D652E536572955D84BA1B2248B20C00007870770703000007E2091E78', 61, 'PARTIALLY', 61, 'MODIFIED');
INSERT INTO "Order" (id, createdDate, deliveryDate, discountPercentage, paymentState, receiptNumber, state) VALUES (63, 'ACED00057372000D6A6176612E74696D652E536572955D84BA1B2248B20C00007870770703000007E2091E78', 'ACED00057372000D6A6176612E74696D652E536572955D84BA1B2248B20C00007870770703000007E2091E78', 62, 'NONE', 62, 'COMPLETE');
INSERT INTO "Order" (id, createdDate, deliveryDate, discountPercentage, paymentState, receiptNumber, state) VALUES (64, 'ACED00057372000D6A6176612E74696D652E536572955D84BA1B2248B20C00007870770703000007E2091E78', 'ACED00057372000D6A6176612E74696D652E536572955D84BA1B2248B20C00007870770703000007E2091E78', 63, 'COMPLETE', 63, 'OPEN');
INSERT INTO "Order" (id, createdDate, deliveryDate, discountPercentage, paymentState, receiptNumber, state) VALUES (65, 'ACED00057372000D6A6176612E74696D652E536572955D84BA1B2248B20C00007870770703000007E2091E78', 'ACED00057372000D6A6176612E74696D652E536572955D84BA1B2248B20C00007870770703000007E2091E78', 64, 'PARTIALLY', 64, 'MODIFIED');
INSERT INTO "Order" (id, createdDate, deliveryDate, discountPercentage, paymentState, receiptNumber, state) VALUES (66, 'ACED00057372000D6A6176612E74696D652E536572955D84BA1B2248B20C00007870770703000007E2091E78', 'ACED00057372000D6A6176612E74696D652E536572955D84BA1B2248B20C00007870770703000007E2091E78', 65, 'NONE', 65, 'COMPLETE');
INSERT INTO "Order" (id, createdDate, deliveryDate, discountPercentage, paymentState, receiptNumber, state) VALUES (67, 'ACED00057372000D6A6176612E74696D652E536572955D84BA1B2248B20C00007870770703000007E2091E78', 'ACED00057372000D6A6176612E74696D652E536572955D84BA1B2248B20C00007870770703000007E2091E78', 66, 'COMPLETE', 66, 'OPEN');
INSERT INTO "Order" (id, createdDate, deliveryDate, discountPercentage, paymentState, receiptNumber, state) VALUES (68, 'ACED00057372000D6A6176612E74696D652E536572955D84BA1B2248B20C00007870770703000007E2091E78', 'ACED00057372000D6A6176612E74696D652E536572955D84BA1B2248B20C00007870770703000007E2091E78', 67, 'PARTIALLY', 67, 'MODIFIED');
INSERT INTO "Order" (id, createdDate, deliveryDate, discountPercentage, paymentState, receiptNumber, state) VALUES (69, 'ACED00057372000D6A6176612E74696D652E536572955D84BA1B2248B20C00007870770703000007E2091E78', 'ACED00057372000D6A6176612E74696D652E536572955D84BA1B2248B20C00007870770703000007E2091E78', 68, 'NONE', 68, 'COMPLETE');
INSERT INTO "Order" (id, createdDate, deliveryDate, discountPercentage, paymentState, receiptNumber, state) VALUES (70, 'ACED00057372000D6A6176612E74696D652E536572955D84BA1B2248B20C00007870770703000007E2091E78', 'ACED00057372000D6A6176612E74696D652E536572955D84BA1B2248B20C00007870770703000007E2091E78', 69, 'COMPLETE', 69, 'OPEN');
INSERT INTO "Order" (id, createdDate, deliveryDate, discountPercentage, paymentState, receiptNumber, state) VALUES (71, 'ACED00057372000D6A6176612E74696D652E536572955D84BA1B2248B20C00007870770703000007E2091E78', 'ACED00057372000D6A6176612E74696D652E536572955D84BA1B2248B20C00007870770703000007E2091E78', 70, 'PARTIALLY', 70, 'MODIFIED');
INSERT INTO "Order" (id, createdDate, deliveryDate, discountPercentage, paymentState, receiptNumber, state) VALUES (72, 'ACED00057372000D6A6176612E74696D652E536572955D84BA1B2248B20C00007870770703000007E2091E78', 'ACED00057372000D6A6176612E74696D652E536572955D84BA1B2248B20C00007870770703000007E2091E78', 71, 'NONE', 71, 'COMPLETE');
INSERT INTO "Order" (id, createdDate, deliveryDate, discountPercentage, paymentState, receiptNumber, state) VALUES (73, 'ACED00057372000D6A6176612E74696D652E536572955D84BA1B2248B20C00007870770703000007E2091E78', 'ACED00057372000D6A6176612E74696D652E536572955D84BA1B2248B20C00007870770703000007E2091E78', 72, 'COMPLETE', 72, 'OPEN');
INSERT INTO "Order" (id, createdDate, deliveryDate, discountPercentage, paymentState, receiptNumber, state) VALUES (74, 'ACED00057372000D6A6176612E74696D652E536572955D84BA1B2248B20C00007870770703000007E2091E78', 'ACED00057372000D6A6176612E74696D652E536572955D84BA1B2248B20C00007870770703000007E2091E78', 73, 'PARTIALLY', 73, 'MODIFIED');
INSERT INTO "Order" (id, createdDate, deliveryDate, discountPercentage, paymentState, receiptNumber, state) VALUES (75, 'ACED00057372000D6A6176612E74696D652E536572955D84BA1B2248B20C00007870770703000007E2091E78', 'ACED00057372000D6A6176612E74696D652E536572955D84BA1B2248B20C00007870770703000007E2091E78', 74, 'NONE', 74, 'COMPLETE');
INSERT INTO "Order" (id, createdDate, deliveryDate, discountPercentage, paymentState, receiptNumber, state) VALUES (76, 'ACED00057372000D6A6176612E74696D652E536572955D84BA1B2248B20C00007870770703000007E2091E78', 'ACED00057372000D6A6176612E74696D652E536572955D84BA1B2248B20C00007870770703000007E2091E78', 75, 'COMPLETE', 75, 'OPEN');
INSERT INTO "Order" (id, createdDate, deliveryDate, discountPercentage, paymentState, receiptNumber, state) VALUES (77, 'ACED00057372000D6A6176612E74696D652E536572955D84BA1B2248B20C00007870770703000007E2091E78', 'ACED00057372000D6A6176612E74696D652E536572955D84BA1B2248B20C00007870770703000007E2091E78', 76, 'PARTIALLY', 76, 'MODIFIED');
INSERT INTO "Order" (id, createdDate, deliveryDate, discountPercentage, paymentState, receiptNumber, state) VALUES (78, 'ACED00057372000D6A6176612E74696D652E536572955D84BA1B2248B20C00007870770703000007E2091E78', 'ACED00057372000D6A6176612E74696D652E536572955D84BA1B2248B20C00007870770703000007E2091E78', 77, 'NONE', 77, 'COMPLETE');
INSERT INTO "Order" (id, createdDate, deliveryDate, discountPercentage, paymentState, receiptNumber, state) VALUES (79, 'ACED00057372000D6A6176612E74696D652E536572955D84BA1B2248B20C00007870770703000007E2091E78', 'ACED00057372000D6A6176612E74696D652E536572955D84BA1B2248B20C00007870770703000007E2091E78', 78, 'COMPLETE', 78, 'OPEN');
INSERT INTO "Order" (id, createdDate, deliveryDate, discountPercentage, paymentState, receiptNumber, state) VALUES (80, 'ACED00057372000D6A6176612E74696D652E536572955D84BA1B2248B20C00007870770703000007E2091E78', 'ACED00057372000D6A6176612E74696D652E536572955D84BA1B2248B20C00007870770703000007E2091E78', 79, 'PARTIALLY', 79, 'MODIFIED');
INSERT INTO "Order" (id, createdDate, deliveryDate, discountPercentage, paymentState, receiptNumber, state) VALUES (81, 'ACED00057372000D6A6176612E74696D652E536572955D84BA1B2248B20C00007870770703000007E2091E78', 'ACED00057372000D6A6176612E74696D652E536572955D84BA1B2248B20C00007870770703000007E2091E78', 80, 'NONE', 80, 'COMPLETE');
INSERT INTO "Order" (id, createdDate, deliveryDate, discountPercentage, paymentState, receiptNumber, state) VALUES (82, 'ACED00057372000D6A6176612E74696D652E536572955D84BA1B2248B20C00007870770703000007E2091E78', 'ACED00057372000D6A6176612E74696D652E536572955D84BA1B2248B20C00007870770703000007E2091E78', 81, 'COMPLETE', 81, 'OPEN');
INSERT INTO "Order" (id, createdDate, deliveryDate, discountPercentage, paymentState, receiptNumber, state) VALUES (83, 'ACED00057372000D6A6176612E74696D652E536572955D84BA1B2248B20C00007870770703000007E2091E78', 'ACED00057372000D6A6176612E74696D652E536572955D84BA1B2248B20C00007870770703000007E2091E78', 82, 'PARTIALLY', 82, 'MODIFIED');
INSERT INTO "Order" (id, createdDate, deliveryDate, discountPercentage, paymentState, receiptNumber, state) VALUES (84, 'ACED00057372000D6A6176612E74696D652E536572955D84BA1B2248B20C00007870770703000007E2091E78', 'ACED00057372000D6A6176612E74696D652E536572955D84BA1B2248B20C00007870770703000007E2091E78', 83, 'NONE', 83, 'COMPLETE');
INSERT INTO "Order" (id, createdDate, deliveryDate, discountPercentage, paymentState, receiptNumber, state) VALUES (85, 'ACED00057372000D6A6176612E74696D652E536572955D84BA1B2248B20C00007870770703000007E2091E78', 'ACED00057372000D6A6176612E74696D652E536572955D84BA1B2248B20C00007870770703000007E2091E78', 84, 'COMPLETE', 84, 'OPEN');
INSERT INTO "Order" (id, createdDate, deliveryDate, discountPercentage, paymentState, receiptNumber, state) VALUES (86, 'ACED00057372000D6A6176612E74696D652E536572955D84BA1B2248B20C00007870770703000007E2091E78', 'ACED00057372000D6A6176612E74696D652E536572955D84BA1B2248B20C00007870770703000007E2091E78', 85, 'PARTIALLY', 85, 'MODIFIED');
INSERT INTO "Order" (id, createdDate, deliveryDate, discountPercentage, paymentState, receiptNumber, state) VALUES (87, 'ACED00057372000D6A6176612E74696D652E536572955D84BA1B2248B20C00007870770703000007E2091E78', 'ACED00057372000D6A6176612E74696D652E536572955D84BA1B2248B20C00007870770703000007E2091E78', 86, 'NONE', 86, 'COMPLETE');
INSERT INTO "Order" (id, createdDate, deliveryDate, discountPercentage, paymentState, receiptNumber, state) VALUES (88, 'ACED00057372000D6A6176612E74696D652E536572955D84BA1B2248B20C00007870770703000007E2091E78', 'ACED00057372000D6A6176612E74696D652E536572955D84BA1B2248B20C00007870770703000007E2091E78', 87, 'COMPLETE', 87, 'OPEN');
INSERT INTO "Order" (id, createdDate, deliveryDate, discountPercentage, paymentState, receiptNumber, state) VALUES (89, 'ACED00057372000D6A6176612E74696D652E536572955D84BA1B2248B20C00007870770703000007E2091E78', 'ACED00057372000D6A6176612E74696D652E536572955D84BA1B2248B20C00007870770703000007E2091E78', 88, 'PARTIALLY', 88, 'MODIFIED');
INSERT INTO "Order" (id, createdDate, deliveryDate, discountPercentage, paymentState, receiptNumber, state) VALUES (90, 'ACED00057372000D6A6176612E74696D652E536572955D84BA1B2248B20C00007870770703000007E2091E78', 'ACED00057372000D6A6176612E74696D652E536572955D84BA1B2248B20C00007870770703000007E2091E78', 89, 'NONE', 89, 'COMPLETE');
INSERT INTO "Order" (id, createdDate, deliveryDate, discountPercentage, paymentState, receiptNumber, state) VALUES (91, 'ACED00057372000D6A6176612E74696D652E536572955D84BA1B2248B20C00007870770703000007E2091E78', 'ACED00057372000D6A6176612E74696D652E536572955D84BA1B2248B20C00007870770703000007E2091E78', 90, 'COMPLETE', 90, 'OPEN');
INSERT INTO "Order" (id, createdDate, deliveryDate, discountPercentage, paymentState, receiptNumber, state) VALUES (92, 'ACED00057372000D6A6176612E74696D652E536572955D84BA1B2248B20C00007870770703000007E2091E78', 'ACED00057372000D6A6176612E74696D652E536572955D84BA1B2248B20C00007870770703000007E2091E78', 91, 'PARTIALLY', 91, 'MODIFIED');
INSERT INTO "Order" (id, createdDate, deliveryDate, discountPercentage, paymentState, receiptNumber, state) VALUES (93, 'ACED00057372000D6A6176612E74696D652E536572955D84BA1B2248B20C00007870770703000007E2091E78', 'ACED00057372000D6A6176612E74696D652E536572955D84BA1B2248B20C00007870770703000007E2091E78', 92, 'NONE', 92, 'COMPLETE');
INSERT INTO "Order" (id, createdDate, deliveryDate, discountPercentage, paymentState, receiptNumber, state) VALUES (94, 'ACED00057372000D6A6176612E74696D652E536572955D84BA1B2248B20C00007870770703000007E2091E78', 'ACED00057372000D6A6176612E74696D652E536572955D84BA1B2248B20C00007870770703000007E2091E78', 93, 'COMPLETE', 93, 'OPEN');
INSERT INTO "Order" (id, createdDate, deliveryDate, discountPercentage, paymentState, receiptNumber, state) VALUES (95, 'ACED00057372000D6A6176612E74696D652E536572955D84BA1B2248B20C00007870770703000007E2091E78', 'ACED00057372000D6A6176612E74696D652E536572955D84BA1B2248B20C00007870770703000007E2091E78', 94, 'PARTIALLY', 94, 'MODIFIED');
INSERT INTO "Order" (id, createdDate, deliveryDate, discountPercentage, paymentState, receiptNumber, state) VALUES (96, 'ACED00057372000D6A6176612E74696D652E536572955D84BA1B2248B20C00007870770703000007E2091E78', 'ACED00057372000D6A6176612E74696D652E536572955D84BA1B2248B20C00007870770703000007E2091E78', 95, 'NONE', 95, 'COMPLETE');
INSERT INTO "Order" (id, createdDate, deliveryDate, discountPercentage, paymentState, receiptNumber, state) VALUES (97, 'ACED00057372000D6A6176612E74696D652E536572955D84BA1B2248B20C00007870770703000007E2091E78', 'ACED00057372000D6A6176612E74696D652E536572955D84BA1B2248B20C00007870770703000007E2091E78', 96, 'COMPLETE', 96, 'OPEN');
INSERT INTO "Order" (id, createdDate, deliveryDate, discountPercentage, paymentState, receiptNumber, state) VALUES (98, 'ACED00057372000D6A6176612E74696D652E536572955D84BA1B2248B20C00007870770703000007E2091E78', 'ACED00057372000D6A6176612E74696D652E536572955D84BA1B2248B20C00007870770703000007E2091E78', 97, 'PARTIALLY', 97, 'MODIFIED');
INSERT INTO "Order" (id, createdDate, deliveryDate, discountPercentage, paymentState, receiptNumber, state) VALUES (99, 'ACED00057372000D6A6176612E74696D652E536572955D84BA1B2248B20C00007870770703000007E2091E78', 'ACED00057372000D6A6176612E74696D652E536572955D84BA1B2248B20C00007870770703000007E2091E78', 98, 'NONE', 98, 'COMPLETE');
INSERT INTO "Order" (id, createdDate, deliveryDate, discountPercentage, paymentState, receiptNumber, state) VALUES (100, 'ACED00057372000D6A6176612E74696D652E536572955D84BA1B2248B20C00007870770703000007E2091E78', 'ACED00057372000D6A6176612E74696D652E536572955D84BA1B2248B20C00007870770703000007E2091E78', 99, 'COMPLETE', 99, 'OPEN');

/* Data from ProductImportData */
INSERT INTO Product (id, name, number, price) VALUES (1, 'Seife', 13040, 5.5);
INSERT INTO Product (id, name, number, price) VALUES (2, 'Duschgel', 13041, 3.9900000000000002131628207280300557613372802734375);
INSERT INTO Product (id, name, number, price) VALUES (3, 'Handtuch', 13022, 15.5);
INSERT INTO Product (id, name, number, price) VALUES (4, 'Lippenstift', 13033, 6.5);
INSERT INTO Product (id, name, number, price) VALUES (5, 'Deo', 13044, 5.5);
INSERT INTO Product (id, name, number, price) VALUES (6, 'Kosmetikpinsel', 13045, 5.5);
INSERT INTO Product (id, name, number, price) VALUES (7, 'Lotion', 13046, 4.9900000000000002131628207280300557613372802734375);
INSERT INTO Product (id, name, number, price) VALUES (8, 'Creme', 13047, 3.089999999999999857891452847979962825775146484375);
INSERT INTO Product (id, name, number, price) VALUES (9, 'Teure Seife', 13048, 10.5);
INSERT INTO Product (id, name, number, price) VALUES (10, 'Teures Deo', 13049, 10.5);
INSERT INTO Product (id, name, number, price) VALUES (11, 'Teurer Kosmetikpinsel', 13050, 21.5);
INSERT INTO Product (id, name, number, price) VALUES (12, 'Teure Lotion', 13051, 14.9900000000000002131628207280300557613372802734375);
INSERT INTO Product (id, name, number, price) VALUES (13, 'Teure Creme', 13052, 13.089999999999999857891452847979962825775146484375);
INSERT INTO Product (id, name, number, price) VALUES (14, 'Roter Lippenstift', 13053, 6.5);
INSERT INTO Product (id, name, number, price) VALUES (15, 'Neutrales Deo', 13054, 5.5);
INSERT INTO Product (id, name, number, price) VALUES (16, 'Neutrale Bodylotion', 13055, 4.9900000000000002131628207280300557613372802734375);
INSERT INTO Product (id, name, number, price) VALUES (17, 'Deocreme', 13056, 3.089999999999999857891452847979962825775146484375);
INSERT INTO Product (id, name, number, price) VALUES (18, 'Rasierklingen', 13057, 3.089999999999999857891452847979962825775146484375);
